coreid,identifiedBy,identifiedByID,dateIdentified,identificationQualifier,scientificName,identificationIsCurrent,scientificNameAuthorship,genus,specificEpithet,taxonRank,infraspecificEpithet,identificationReferences,identificationRemarks,recordId,modified
380487,"Michael G. Simpson",,2019-04-22,,"Nemophila menziesii var. menziesii",1,,,,,,,,urn:uuid:887b6e4a-f41d-407c-ba75-5bc45c602093,"2019-04-22 18:22:30"
380487,unknown,,s.d.,,"Nemophila menziesii",0,"H.& A.",,,,,,,urn:uuid:6d7f7a69-0654-4a69-980d-7e14bbd43949,"2019-04-22 18:22:30"
380493,"Michael G. Simpson",,2019-04-22,,"Nemophila menziesii var. menziesii",1,,,,,,,,urn:uuid:d213479f-ff2b-440d-bddf-978e2f54124d,"2019-04-22 18:22:30"
380493,unknown,,s.d.,,"Nemophila menziesii",0,"H and G",,,,,,,urn:uuid:80b7d9d3-2843-4614-9965-dbbe7114cbf0,"2019-04-22 18:22:30"
380499,"Michael G. Simpson",,2019-04-22,,"Nemophila menziesii var. menziesii",1,,,,,,,,urn:uuid:bf89d75c-d2d0-451f-9722-03ebe4559fa4,"2019-04-22 18:22:30"
380499,"D. F. Howe",,s.d.,,"Nemophila menziesii",0,Nutt.,,,,,,,urn:uuid:12a31c7f-c5c9-417d-bd56-15bf51f211b7,"2019-04-22 18:22:30"
380505,"Michael G. Simpson",,2019-04-22,,"Nemophila menziesii var. menziesii",1,,,,,,,,urn:uuid:3548fcf2-e070-40ca-b63c-8b8573e6d45f,"2019-04-22 18:22:30"
380505,unknown,,s.d.,,"Nemophila menziesii",0,H.&A,,,,,,,urn:uuid:0ae69668-5265-44ac-ae8f-610bb505e8b8,"2019-04-22 18:22:30"
380511,"Michael G. Simpson",,2019-04-22,,"Nemophila menziesii var. atomaria",1,"(Fisch. & Mey.) Voss",,,,,,,urn:uuid:f16f8efb-cb76-4d51-a18b-34a3a2f8996b,"2019-04-22 17:35:43"
380511,"D. F. Howe",,s.d.,,"Nemophila menziesii subsp. atomaria",0,"(F. & M.) Brand.",,,,,,,urn:uuid:3f371adb-6883-49ad-8a11-ef0d7e46a159,"2019-04-22 17:35:43"
394081,"Michael G. Simpson",,2019-04-22,,"Nemophila menziesii var. integrifolia",1,Brand,,,,,,,urn:uuid:dba475e3-14a5-4c8c-999c-0bb6931ff0b6,"2019-04-22 18:16:48"
394081,unknown,,s.d.,,"Nemophila menziesii var. menziesii",0,"Hook. & Arn.",,,,,,,urn:uuid:f1a7c837-12b7-4ae9-a331-64d5de1a1cbd,"2019-04-22 18:16:48"
380517,"Michael G. Simpson",,2019-04-22,,"Nemophila menziesii var. integrifolia",1,Brand,,,,,,,urn:uuid:40aa18c1-9075-4693-abc3-c0d1fd2213af,"2019-04-22 18:16:48"
380517,"D. F. Howe",,s.d.,,"Nemophila menziesii",0,"H. & A.",,,,,,,urn:uuid:6e46ef2f-7c95-45fb-b712-59647cc0df11,"2019-04-22 18:16:48"
380523,"Michael G. Simpson",,2019-04-22,,"Nemophila menziesii var. menziesii",1,,,,,,,,urn:uuid:99bc7e04-dfda-4a7b-b8f0-5c4759cd3ca9,"2019-04-22 18:22:30"
380523,"D. F. Howe",,s.d.,,"Nemophila menziesii",0,"H. & A.",,,,,,,urn:uuid:852b596b-57b6-44d7-b34d-6d86f68b2cad,"2019-04-22 18:22:30"
380528,"Michael G. Simpson",,2019-04-22,,"Nemophila menziesii var. integrifolia",1,Brand,,,,,,,urn:uuid:c626e054-6bc1-4dc0-9449-7eb5ba264213,"2019-04-22 18:16:48"
380528,unknown,,s.d.,,"Nemophila menziesii var. integrifolia",0,Parish,,,,,,,urn:uuid:c2eb61e2-b1f5-4723-b9a6-ac7dd7806827,"2019-04-22 18:16:48"
380535,"Michael G. Simpson",,2019-04-22,,"Nemophila menziesii var. menziesii",1,,,,,,,,urn:uuid:ceca07e0-d7f4-4de3-84c6-72c3f736296b,"2019-04-22 18:22:30"
380535,unknown,,s.d.,,"Nemophila menziesii",0,"H. & A.",,,,,,,urn:uuid:1119730a-68ac-4b96-8286-fc2c5e4d8810,"2019-04-22 18:22:30"
380536,"Michael G. Simpson",,2019-04-22,,"Nemophila menziesii var. integrifolia",1,Brand,,,,,,,urn:uuid:6c82e3a9-2c2b-4513-9523-4f23242120a3,"2019-04-22 18:16:48"
380536,unknown,,s.d.,,"Nemophila menziesii var. integrifolia",0,Parish,,,,,,,urn:uuid:5fc39438-e819-4220-8912-c861a24726c2,"2019-04-22 18:16:48"
380540,"Michael G. Simpson",,2019-04-22,,"Nemophila menziesii var. integrifolia",1,Brand,,,,,,,urn:uuid:475f696a-6f5d-4363-8c56-8d852ddb39e7,"2019-04-22 18:16:48"
380540,unknown,,s.d.,,"Nemophila menziesii var. integrifolia",0,Parish,,,,,,,urn:uuid:69afe46d-cc37-49c1-a95a-9ab70bf385bb,"2019-04-22 18:16:48"
380542,"Michael G. Simpson",,2019-04-22,,"Nemophila menziesii var. menziesii",1,,,,,,,,urn:uuid:e0b2e166-f18b-42cc-9796-1df705a3fad2,"2019-04-22 18:22:30"
380542,unknown,,s.d.,,"Nemophila menziesii",0,"H.& A",,,,,,,urn:uuid:a5ae75d9-1aec-4383-8fdc-2608c6ba11bf,"2019-04-22 18:22:30"
380553,"Michael G. Simpson",,2019-04-22,,"Nemophila menziesii var. menziesii",1,,,,,,,,urn:uuid:8d57b0ab-f529-4ee0-9847-16cdc4ab015c,"2019-04-22 18:22:30"
380553,unknown,,s.d.,,"Nemophila menziesii",0,"H. & A.",,,,,,,urn:uuid:d89dc6b4-7f5d-40d5-8788-bdd534945b80,"2019-04-22 18:22:30"
2889635,"Michael G. Simpson",,2019-04-22,,"Nemophila menziesii var. menziesii",1,,,,,,,,urn:uuid:29bf0041-c5f7-4e32-98af-889efbfa9ce8,"2019-04-22 18:22:30"
2889635,unknown,,s.d.,,"Nemophila menziesii",0,"Hook. & Arnott",,,,,,,urn:uuid:998a000c-2a56-4f5b-8846-740e8b538956,"2019-04-22 18:22:30"
388286,"Michael G. Simpson",,2019-04-22,,"Nemophila menziesii var. menziesii",1,,,,,,,,urn:uuid:8e1fc41f-bff8-4290-be47-415c22997805,"2019-04-22 18:22:30"
388286,"Michael G. Simpson",,4/2/2002,,"Nemophila menziesii var. integrifolia",0,Parish,,,,,"The Jepson Manual, 1996",,urn:uuid:0ba0ec41-a8b6-403d-b6f8-7d23952f0d5e,"2019-04-22 18:22:30"
390085,"Michael G. Simpson",,2019-04-22,,"Nemophila menziesii var. integrifolia",1,Brand,,,,,,,urn:uuid:d7bca6de-3edf-4136-ae99-05f9314ea05f,"2019-04-22 18:16:48"
390085,"Ed Woch",,s.d.,,"Nemophila menziesii var. menziesii",0,"Hook. & Arn",,,,,"The Jepson Manual (Hickman, ed.,1996)",,urn:uuid:a4d30f8d-7677-471c-9bb1-656dc0b82d9b,"2019-04-22 18:16:48"
3671751,"Michael G. Simpson",,2019-08-27,,"Nemophila menziesii var. menziesii",1,,,,,,,,urn:uuid:8197de87-305b-491e-b817-df52d261d53f,"2019-08-27 16:07:21"
3671751,unknown,,s.d.,,"Nemophila menziesii",0,"Hook. & Arnott",,,,,,,urn:uuid:a2fe4cf0-ab02-43f9-961f-d44431f002ee,"2019-08-27 16:07:21"
196188,"original identification",,undetermined,,"Nemophila mentzeii",0,,,,,,,,urn:uuid:b27d6dbb-fc7e-45e3-8f6d-a2f0b4598d37,"2018-09-25 02:45:36"
196199,"original identification",,undetermined,,"Nemophila menziesii",0,,,,,,,,urn:uuid:f18a1333-53a9-4298-96c6-9af04911ab3a,"2018-09-25 02:45:36"
196200,"original identification",,undetermined,,"Nemophila menziesii",0,,,,,,,,urn:uuid:919e535d-90b1-4126-937a-3c6a1fbf7f98,"2018-09-25 02:45:36"
196211,"David J. Keil",,2014,,"Nemophila menziesii var. atomaria",1,"(Fisch. & Mey.) Voss",,,,,,,urn:uuid:38b3e979-5c85-41a3-952d-25a80db972eb,"2019-12-04 13:25:35"
196211,unknown,,s.d.,,"Nemophila atomaria",0,,,,,,,,urn:uuid:671d1d03-dfdc-4fc2-b5b0-a61c230608f1,"2019-12-04 13:25:35"
196211,unknown,,s.d.,,"Pholistoma auritum",0,"(Lindl.) Lilja ex Lindl.",,,,,,,urn:uuid:b2b7e567-f878-436e-b557-188d002657cf,"2019-12-04 13:25:13"
196221,"original identification",,undetermined,,"Nemophila Menziesii",0,,,,,,,,urn:uuid:05fa71d0-67d0-4863-84e8-40b44a2aa02f,"2018-09-25 02:45:36"
196229,"original identification",,undetermined,,"Nemophila menziesii",0,,,,,,,,urn:uuid:220bcc08-8a58-444a-ae10-db3ce373958b,"2018-09-25 02:45:36"
196230,"original identification",,undetermined,,"Nemophila menziesii",0,,,,,,,,urn:uuid:6f1dce29-3fef-4364-bb9b-af5701ad7e0a,"2018-09-25 02:45:36"
196232,"original identification",,undetermined,,"Nemophila menziesii",0,,,,,,,,urn:uuid:eac1750a-f251-40ec-99c8-8744fdb4a971,"2018-09-25 02:45:36"
196293,"original identification",,undetermined,,"Nemphila indignis",0,,,,,,,,urn:uuid:821604d8-dab5-4d27-8a67-cb5849e7385d,"2018-09-25 02:45:36"
1372672,,,,,"Nemophila menziesii Hook. & Arn.",0,,,,,,,"original determination",urn:uuid:617908cc-17ee-4d67-8c48-8331a257a589,"2018-12-21 16:49:08"
1372673,,,,,"Nemophila menziesii Hook. & Arn.",0,,,,,,,"original determination",urn:uuid:dacdf50a-a754-4e5e-b969-6e96e895c992,"2018-12-21 16:49:08"
1372674,,,,,"Nemophila menziesii Hook. & Arn.",0,,,,,,,"original determination",urn:uuid:83b4822c-6d0b-46b9-89f3-c1c09194cda9,"2018-12-21 16:49:08"
1372675,,,,,"Nemophila menziesii Hook. & Arn.",0,,,,,,,"original determination",urn:uuid:ea911839-cd3b-4a78-b153-5c22c912c080,"2018-12-21 16:49:08"
1337092,,,11/12/2009,,"Nemophila menziesii Hook. & Arn.",0,,,,,,,"original determination",urn:uuid:fb6bd540-ef3a-4d90-84ba-73dba522093f,"2018-12-21 16:49:08"
1404681,"E. Dean",,2015,,"Nemophila menziesii Hook. & Arn.",0,,,,,,,"original determination",urn:uuid:8a645a82-35e3-4139-96ec-e569803e36f0,"2018-12-21 16:49:08"
1403922,,,,,"Nemophila menziesii Hook. & Arn. var. atomaria (Fisch. & C.A. Mey.) Voss",0,,,,,,,"original determination",urn:uuid:d2ae9003-1eb2-47de-910c-4b1f2ef2d925,"2018-12-21 16:49:08"
1403923,,,,,"Nemophila menziesii Hook. & Arn. var. atomaria (Fisch. & C.A. Mey.) Voss",0,,,,,,,"original determination",urn:uuid:00e5c70d-ca4b-41b5-819b-f0173f80ac49,"2018-12-21 16:49:08"
1399061,,,,,"Nemophila menziesii Hook. & Arn. var. atomaria (Fisch. & C.A. Mey.) Voss",0,,,,,,,"original determination",urn:uuid:f53615b9-abc1-4a88-9ad2-b5844a94a997,"2018-12-21 16:49:08"
1298980,,,,,"Nemophila menziesii Hook. & Arn.",0,,,,,,,"original determination",urn:uuid:50ee4181-35e0-4a3d-a0c8-217381c864d4,"2018-12-21 16:49:08"
1372966,,,,,"Nemophila menziesii Hook. & Arn.",0,,,,,,,"original determination",urn:uuid:24d190d6-1b19-4eef-8de6-90d30293342b,"2018-12-21 16:49:08"
1372967,,,,,"Nemophila menziesii Hook. & Arn.",0,,,,,,,"original determination",urn:uuid:4802929f-c0c7-4d5f-b3cb-0e1e578e9958,"2018-12-21 16:49:08"
1372968,,,,,"Nemophila menziesii Hook. & Arn.",0,,,,,,,"original determination",urn:uuid:8d8be824-0282-4918-9bfd-a5ff643aebcf,"2018-12-21 16:49:08"
1372969,"L. Constance",,,,"Nemophila menziesii Hook. & Arn.",0,,,,,,,"original determination",urn:uuid:41466419-793d-4168-8396-13261f9a709d,"2018-12-21 16:49:08"
1372970,"L. Constance",,1938,,"Nemophila menziesii Hook. & Arn.",0,,,,,,,"original determination",urn:uuid:cf1e2749-5b27-4165-a930-e58ea0a2dd35,"2018-12-21 16:49:08"
1372971,,,,,"Nemophila menziesii Hook. & Arn.",0,,,,,,,"original determination",urn:uuid:a77a692d-1e2b-48e9-8c95-215fcb83e562,"2018-12-21 16:49:08"
1372972,,,,,"Nemophila menziesii Hook. & Arn.",0,,,,,,,"original determination",urn:uuid:dbd85018-1178-49f5-8dbe-2eb8000e8f5c,"2018-12-21 16:49:08"
1372972,"L. Constance",,1945,,"Nemophila menziesii Hook. & Arn.",0,,,,,,,,urn:uuid:92a5d2d7-2ffe-4f72-adb6-f5a1cffb66a6,"2018-12-21 16:49:08"
1372973,"L. Constance",,,,"Nemophila menziesii Hook. & Arn.",0,,,,,,,"original determination",urn:uuid:979fea42-2764-4090-9ba2-4b1006d68443,"2018-12-21 16:49:08"
1372974,,,,,"Nemophila menziesii Hook. & Arn.",0,,,,,,,"original determination",urn:uuid:1a062215-ead9-4809-ad03-e98e651ff669,"2018-12-21 16:49:08"
1372975,,,,,"Nemophila menziesii Hook. & Arn.",0,,,,,,,"original determination",urn:uuid:616810b4-f773-4884-b860-40b07e011efe,"2018-12-21 16:49:08"
1308975,,,,,"Nemophila menziesii Hook. & Arn.",0,,,,,,,"original determination",urn:uuid:08775c3a-f526-4730-be7c-e5205b29fdfa,"2018-12-21 16:49:08"
1372976,,,,,"Nemophila menziesii Hook. & Arn.",0,,,,,,,"original determination",urn:uuid:19531dce-2e9d-4b81-b030-8b38150d75f8,"2018-12-21 16:49:08"
1372977,,,,,"Nemophila menziesii Hook. & Arn.",0,,,,,,,"original determination",urn:uuid:1595df7f-5361-49f7-8c7c-b06bf218bd46,"2018-12-21 16:49:08"
1372978,"Advanced Plant Taxonomy Class 1980",,,,"Nemophila menziesii Hook. & Arn.",0,,,,,,,"original determination",urn:uuid:b7942809-9560-4595-aad5-ca3d3af184a3,"2018-12-21 16:49:08"
1372979,,,,,"Nemophila menziesii Hook. & Arn.",0,,,,,,,"original determination",urn:uuid:dd169726-00f5-4880-bdaf-f4cf1a9aeb14,"2018-12-21 16:49:08"
1372980,,,,,"Nemophila menziesii Hook. & Arn.",0,,,,,,,"original determination",urn:uuid:2f6ba639-ff83-40b4-b8bf-2d184149ac82,"2018-12-21 16:49:08"
1343797,,,,,"Nemophila menziesii Hook. & Arn.",0,,,,,,,"original determination",urn:uuid:0b455794-ac4b-4d64-abda-9d53b8aea671,"2018-12-21 16:49:08"
1372981,"M. J. Teiman",,1980,,"Nemophila menziesii Hook. & Arn.",0,,,,,,,"original determination",urn:uuid:641b4627-d10b-41b4-8622-283d6d27a10a,"2018-12-21 16:49:08"
1399350,,,,,"Nemophila menziesii Hook. & Arn.",0,,,,,,,"original determination",urn:uuid:3c60f23b-b5c9-4074-9033-928b03428b65,"2018-12-21 16:49:08"
1372982,,,,,"Nemophila menziesii Hook. & Arn.",0,,,,,,,"original determination",urn:uuid:7976f190-9c87-4df4-b850-b3c2167d89a3,"2018-12-21 16:49:08"
1372983,,,,,"Nemophila menziesii Hook. & Arn.",0,,,,,,,"original determination",urn:uuid:ba481684-c761-43de-a6de-12dab876cb1e,"2018-12-21 16:49:08"
1372983,"L. Constance",,1945,,"Nemophila menziesii Hook. & Arn.",0,,,,,,,,urn:uuid:cb4eceeb-e3f7-4be2-92f6-6dbfc9ed9235,"2018-12-21 16:49:08"
1372984,"L. Constance",,,,"Nemophila menziesii Hook. & Arn.",0,,,,,,,"original determination",urn:uuid:ab619a9d-75e6-417b-a83c-54fbfa8756c6,"2018-12-21 16:49:08"
1372985,,,,,"Nemophila menziesii Hook. & Arn.",0,,,,,,,"original determination",urn:uuid:4fbe1f2b-6d68-405a-85fb-545f00b1d647,"2018-12-21 16:49:08"
1372986,,,,,"Nemophila pedunculata Benth.",0,,,,,,,"original determination",urn:uuid:5426ff2e-3988-4de5-aac6-77489bfa572a,"2018-12-21 16:49:08"
1372986,"F. Bowcutt & K. Mawdsley",,25-Apr-96,,"Nemophila menziesii Hook. & Arn. var. atomaria (Fisch. & C.A. Mey) Voss",0,,,,,,,,urn:uuid:a7f4ce0c-efd6-4adf-85a9-65638526db46,"2018-12-21 16:49:08"
1372987,,,,,"Nemophila atomaria F. & M.",0,,,,,,,"original determination",urn:uuid:f19544a0-3d93-407c-ab27-ad04bc033210,"2018-12-21 16:49:08"
1372987,,,,,"Nemophila menziesii Hook. & Arn. var. atomaria (Fisch. & C.A. Mey) Voss",0,,,,,,,,urn:uuid:0ab4baf3-d81d-489d-bdf4-22f44c2c2635,"2018-12-21 16:49:08"
1355580,,,,,"Nemophila menziesii Hook. & Arn. var. menziesii",0,,,,,,,"original determination",urn:uuid:81ff3552-3185-4aed-a8a9-1761007f5068,"2018-12-21 16:49:08"
1372988,,,,,"Nemophila menziesii Hook. & Arn. var. atomaria (Fisch. & C.A. Mey) Voss",0,,,,,,,"original determination",urn:uuid:bb855236-33d1-484c-a218-a2d364c394b4,"2018-12-21 16:49:08"
1372989,,,,,"Nemophila menziesii Hook. & Arn. var. atomaria (Fisch. & C.A. Mey) Voss",0,,,,,,,"original determination",urn:uuid:1a27131f-b51f-4750-8f8e-7f21d91de349,"2018-12-21 16:49:08"
1372990,,,,,"Nemophila menziesii Hook. & Arn. var. atomaria (Fisch. & C.A. Mey) Voss",0,,,,,,,"original determination",urn:uuid:aaeb48fd-b7a1-4a07-b337-175ce4b4f532,"2018-12-21 16:49:08"
1372991,,,,,"Nemophila pedunculata Benth.",0,,,,,,,"original determination",urn:uuid:b6a3037d-0802-4b95-a203-2a80b3b2c495,"2018-12-21 16:49:08"
1372991,"F. Bowcutt & K. Mawdsley",,25-Apr-96,,"Nemophila menziesii Hook. & Arn. var. atomaria (Fisch. & C.A. Mey) Voss",0,,,,,,,,urn:uuid:fc7063c8-6b62-49be-b186-a0309bf10369,"2018-12-21 16:49:08"
1372992,,,,,"Nemophila menziesii Hook. & Arn. var. atomaria (Fisch. & C.A. Mey) Voss",0,,,,,,,"original determination",urn:uuid:b741e061-802d-4048-8e2f-b2dc8ffd219e,"2018-12-21 16:49:08"
1372993,,,,,"Nemophila menziesii Hook. & Arn. var. integrefolia Parish",0,,,,,,,"original determination",urn:uuid:77bc3a85-4e46-47bb-8853-15509368a997,"2018-12-21 16:49:08"
1372994,,,,,"Nemophila menziesii Hook. & Arn. var. integrefolia Parish",0,,,,,,,"original determination",urn:uuid:eec28cf4-44ed-4797-869a-7fb9d7846f3e,"2018-12-21 16:49:08"
1372995,"A. C. Sanders",,2001,,"Nemophila menziesii Hook. & Arn. var. integrefolia Parish",0,,,,,,,"original determination",urn:uuid:b5b9ed1a-856b-44b8-b1aa-9a4d51fab6a5,"2018-12-21 16:49:08"
1372996,,,,,"Nemophila menziesii Hook. & Arn. var. integrefolia Parish",0,,,,,,,"original determination",urn:uuid:d37f4409-db2c-42eb-b1ac-7e176c8c2c4c,"2018-12-21 16:49:08"
1372997,,,,,"Nemophila menziesii Hook. & Arn. var. integrefolia Parish",0,,,,,,,"original determination",urn:uuid:73ba20c5-49dc-4163-a340-a312a99a37db,"2018-12-21 16:49:08"
1372997,"Accord. to PLANTS Database",,2011,,"Nemophila menziesii Hook. & Arn. var. integrefolia Parish",0,,,,,,,,urn:uuid:27f2f17a-c039-45ac-b41a-038127bb4cbc,"2018-12-21 16:49:08"
1372998,,,,,"Nemophila menziesii Hook. & Arn. var. menziesii",0,,,,,,,"original determination",urn:uuid:3aed8110-1be1-4d70-af43-608124cc6c3a,"2018-12-21 16:49:08"
1372999,,,,,"Nemophila menziesii Hook. & Arn. var. menziesii",0,,,,,,,"original determination",urn:uuid:095187fc-c51b-4804-89a5-56fbda28dec0,"2018-12-21 16:49:08"
1373000,,,,,"Nemophila menziesii Hook. & Arn. var. menziesii",0,,,,,,,"original determination",urn:uuid:8ee75bbb-5047-485d-8567-31563731219b,"2018-12-21 16:49:08"
1373001,,,,,"Nemophila menziesii Hook. & Arn. var. menziesii",0,,,,,,,"original determination",urn:uuid:e6c1fcfa-1242-4a30-bcdd-88844f411c45,"2018-12-21 16:49:08"
1373002,,,,,"Nemophila menziesii Hook. & Arn. var. menziesii",0,,,,,,,"original determination",urn:uuid:6bdd510d-8b43-4c56-a227-d722b5e2481f,"2018-12-21 16:49:08"
1373003,,,,,"Nemophila menziesii Hook. & Arn. var. menziesii",0,,,,,,,"original determination",urn:uuid:d5de2415-a607-4726-884b-78860dad48cf,"2018-12-21 16:49:08"
1306702,,,,,"Nemophila menziesii Hook. & Arn.",0,,,,,,,"original determination",urn:uuid:6e348368-a38c-46e2-8249-94b23c4c150a,"2018-12-21 16:49:08"
1397330,,,,,"Nemophila menziesii Hook. & Arn.",0,,,,,,,"original determination",urn:uuid:35cf0a98-9490-4829-b9e8-440c95dde4a5,"2018-12-21 16:49:08"
1322837,,,,,"Nemophila menziesii Hook. & Arn.",0,,,,,,,"original determination",urn:uuid:5b7d408c-2164-4d81-a12c-a6eb86e9aef5,"2018-12-21 16:49:08"
1378925,,,,,"Nemophila menziesii Hook. & Arn.",0,,,,,,,"original determination",urn:uuid:4223ada6-3e9f-4181-aff9-62cf67d8d264,"2018-12-21 16:49:08"
1400962,,,,,"Nemophila menziesii Hook. & Arn.",0,,,,,,,"original determination",urn:uuid:e6f04755-f2dd-4cde-9ecb-8d186f95776c,"2018-12-21 16:49:08"
1310851,,,,,"Nemophila menziesii Hook. & Arn. var. menziesii",0,,,,,,,"original determination",urn:uuid:59db6387-f7ab-4a95-abda-3646112ce1cb,"2018-12-21 16:49:08"
1392515,,,,,"Nemophila menziesii Hook. & Arn.",0,,,,,,,"original determination",urn:uuid:2ced4d74-e17c-4fbb-b4f7-808ec0141b6d,"2018-12-21 16:49:08"
1299846,,,,,"Nemophila menziesii Hook. & Arn.",0,,,,,,,"original determination",urn:uuid:c909d5e4-f644-452f-b31b-3f548ceb8eb4,"2018-12-21 16:49:08"
1307535,,,,,"Nemophila menziesii Hook. & Arn.",0,,,,,,,"original determination",urn:uuid:51a9ed68-1abf-460a-a3e6-964f1d9f7c43,"2018-12-21 16:49:08"
1398684,,,,,"Nemophila menziesii Hook. & Arn.",0,,,,,,,"original determination",urn:uuid:6bc2a684-b806-4897-a813-bed7b629e334,"2018-12-21 16:49:08"
1304479,,,,,"Nemophila menziesii Hook. & Arn.",0,,,,,,,"original determination",urn:uuid:c0ba9b6f-b2f6-4ca0-ad98-a6495e5fd943,"2018-12-21 16:49:08"
1348771,,,,,"Nemophila menziesii Hook. & Arn. var. menziesii",0,,,,,,,,urn:uuid:3df50166-ecf2-4836-ab81-bb81416cb1c4,"2018-12-21 16:49:08"
1405860,,,,,"Nemophila menziesii Hook. & Arn.",0,,,,,,,"original determination",urn:uuid:9ba0e1a8-4d33-4a21-baf0-9ba2f6f47e67,"2018-12-21 16:49:08"
1301674,,,,,"Nemophila menziesii Hook. & Arn. var. menziesii",0,,,,,,,"original determination",urn:uuid:df40dacb-b746-4690-8438-f5f11db1b219,"2018-12-21 16:49:08"
1372842,,,,,"Nemophila menziesii Hook. & Arn.",0,,,,,,,"original determination",urn:uuid:52877477-59fa-41a5-845d-3d3eb1a8d1ba,"2018-12-21 16:49:08"
1372843,"L. Constance",,,,"Nemophila menziesii Hook. & Arn.",0,,,,,,,"original determination",urn:uuid:61e9d9d9-1bdf-475d-a2dc-d4c5fb25feed,"2018-12-21 16:49:08"
1372844,,,,,"Nemophila menziesii Hook. & Arn.",0,,,,,,,"original determination",urn:uuid:82da0ff7-0745-41e7-8551-be6daa8e81d6,"2018-12-21 16:49:08"
1372845,,,,,Nemophila,0,,,,,,,"original determination",urn:uuid:611474c5-ae50-466b-bdf9-3b64bf3a896c,"2018-12-21 16:49:08"
1372845,"L. Constance",,1945,,"Nemophila menziesii Hook. & Arn.",0,,,,,,,,urn:uuid:2d18e487-ee8c-467f-a4d3-d0b85edf5a96,"2018-12-21 16:49:08"
1372846,,,,,"Nemophila menziesii Hook. & Arn.",0,,,,,,,"original determination",urn:uuid:2745045e-0084-4cf1-ab1c-bffc0c2c4763,"2018-12-21 16:49:08"
1335471,,,3/19/2009,,"Nemophila menziesii Hook. & Arn.",0,,,,,,,"original determination",urn:uuid:e56e2b3e-123d-4300-bc97-bac572160110,"2018-12-21 16:49:08"
1372847,,,,,"Nemophila menziesii Hook. & Arn.",0,,,,,,,"original determination",urn:uuid:240c64a0-0724-436f-9a2f-7aa5de3ebb11,"2018-12-21 16:49:08"
1372848,,,,,"Nemophila menziesii Hook. & Arn.",0,,,,,,,"original determination",urn:uuid:a3c5c9e6-095f-483b-9cc5-74c6128462ee,"2018-12-21 16:49:08"
1372849,"L. Constance",,,,"Nemophila menziesii Hook. & Arn.",0,,,,,,,"original determination",urn:uuid:3860b0c7-4f89-429e-8655-469dd1a7b44b,"2018-12-21 16:49:08"
1372850,,,,,"Nemophila menziesii Hook. & Arn.",0,,,,,,,"original determination",urn:uuid:22f05fd9-01a9-43e0-b5dd-5bab88b635a7,"2018-12-21 16:49:08"
1372851,,,,,"Nemophila menziesii Hook. & Arn.",0,,,,,,,"original determination",urn:uuid:73fc2cf2-adf6-4da3-9056-05b9ee937b6d,"2018-12-21 16:49:08"
1372852,"L. Constance",,,,"Nemophila menziesii Hook. & Arn.",0,,,,,,,"original determination",urn:uuid:f938c83d-865d-496b-bc93-8d2a75e3a1e9,"2018-12-21 16:49:08"
1372853,,,,,"Nemophila menziesii Hook. & Arn.",0,,,,,,,"original determination",urn:uuid:787da4c4-2e05-45bd-96d1-65c05fd256e6,"2018-12-21 16:49:08"
1384122,,,,,"Nemophila menziesii Hook. & Arn. var. menziesii",0,,,,,,,"original determination",urn:uuid:090f7ba0-f7da-43a4-bcc2-988b3906e10b,"2018-12-21 16:49:08"
1406410,,,,,"Nemophila menziesii Hook. & Arn. var. atomaria (Fisch. & C.A. Mey.) Voss",0,,,,,,,"original determination",urn:uuid:9e6dc4d6-7892-4713-b822-7dad802fc852,"2018-12-21 16:49:08"
1399500,,,,,"Nemophila menziesii Hook. & Arn.",0,,,,,,,"original determination",urn:uuid:6154daf0-8227-4699-8386-3df1e1b835b0,"2018-12-21 16:49:08"
1396957,,,,,"Nemophila menziesii Hook. & Arn. var. atomaria (Fisch. & C.A. Mey.) Voss",0,,,,,,,"original determination",urn:uuid:3ede08be-de42-4086-8347-4cbdbb8f4101,"2018-12-21 16:49:08"
1371106,,,,,"Nemophila menziesii Hook. & Arn. var. menziesii",0,,,,,,,"original determination",urn:uuid:cf17dc5e-ce5c-4dc2-bdbe-b5276adc2221,"2018-12-21 16:49:08"
1299939,,,,,"Nemophila menziesii Hook. & Arn.",0,,,,,,,"original determination",urn:uuid:dcbbd245-f06a-47ec-b08f-19320f50c2a1,"2018-12-21 16:49:08"
1396964,,,,,"Nemophila menziesii Hook. & Arn.",0,,,,,,,"original determination",urn:uuid:4159992d-c16b-4a56-ade9-137aafbe73c8,"2018-12-21 16:49:08"
1399282,,,,,"Nemophila menziesii Hook. & Arn. var. atomaria (Fisch. & C.A. Mey.) Voss",0,,,,,,,"original determination",urn:uuid:864c77c3-6b54-470a-b114-bdbc04deafa0,"2018-12-21 16:49:08"
1399540,,,,,"Nemophila menziesii Hook. & Arn.",0,,,,,,,"original determination",urn:uuid:7f90fcd5-8963-4c71-a040-2857668ac1e5,"2018-12-21 16:49:08"
1298941,,,,,"Nemophila menziesii Hook. & Arn.",0,,,,,,,"original determination",urn:uuid:39cc914d-bd79-45ee-a7de-bc389af70001,"2018-12-21 16:49:08"
1372670,"L. Constance",,,,"Nemophila menziesii Hook. & Arn.",0,,,,,,,"original determination",urn:uuid:5c6acb62-8dad-48c7-b3cd-b2a5664838a7,"2018-12-21 16:49:08"
1372671,,,,,"Nemophila menziesii Hook. & Arn.",0,,,,,,,"original determination",urn:uuid:0ad47278-83ed-4600-858b-683e919a6a74,"2018-12-21 16:49:08"
1372671,"L. Constance",,1945,,"Nemophila menziesii Hook. & Arn.",0,,,,,,,,urn:uuid:ad268aa3-c1e0-421e-a0e7-f13258e7d5f4,"2018-12-21 16:49:08"
