specimen_number,id,date_new,year,month,day,DOY,sub_sp,repro,county,locality,habitat,elev_m,lat,long,error_dist_m,georef_by,georef_notes,datum,references,source,scored_by,notes,plant,Total,buds_1,flowers_2,spent_3,immature_4,mature_5
JEPS1495,3462047,1933-05-07,1933,5,7,127,,Flowering/Fruiting,Riverside,"about ten mi s Kenworthy (Santa Rosa Mountains, Colorado Desert); Colorado Desert, Santa Rosa Mountains, s of Kenworthy",Shaded canyon in Ribbonwood belt,,33.5691,-116.5055,1500,,,WGS84,http://cch2.org/portal/collections/individual/index.php?occid=3462047,cch2,,,,,,,,,
LOB115765,2261811,1972-03-10,1972,3,10,70,,,Orange,"1.5 miles east of San Juan Station, near Ortega Highway",Grassy undergrowth,305,33.594332,-117.487955,722,,,WGS84,http://cch2.org/portal/collections/individual/index.php?occid=2261811,cch2,,,,,,,,,
LOB115764,2261810,1970-03-14,1970,3,14,73,integrifolia,,Orange,"Lion Canyon 2.25 miles east of San Juan Guard Station on state highway 74, western side of Santa Ana Mountains","Riparian, gradual slope",366,33.602245,-117.460321,1506,,,WGS84,http://cch2.org/portal/collections/individual/index.php?occid=2261810,cch2,,,,,,,,,
LOB115763,2261809,1975-03-10,1975,3,10,69,menziesii,,Orange,San Juan Loop Trail,"Chaparral, moist area. West-facing slope.",,33.61255,-117.430611,725,,,WGS84,http://cch2.org/portal/collections/individual/index.php?occid=2261809,cch2,,,,,,,,,
JEPS3135,3304477,1927-06-01,1927,6,1,152,,Flowering/Fruiting,Riverside,"Saunder's Meadow San Jacinto Mts., Saunder's Meadow (San Jacinto Mountains)",under trees in grassy meadow,1676,33.7327,-116.7118,300,,,WGS84,http://cch2.org/portal/collections/individual/index.php?occid=3304477,cch2,,,,,,,,,
JEPS1893,3340619,1908-04-01,1908,4,1,92,integrifolia,Flowering/Fruiting,Orange,Santa Ana Mountains,,,33.74,-117.53,16093,,,NAD27,http://cch2.org/portal/collections/individual/index.php?occid=3340619,cch2,,,,,,,,,
DAV300331,1372675,1975-04-26,1975,4,26,116,,,Riverside County,Riverside County: Mayhew Canyon 1.5 mi. southeast of Glen Ivy on Highway 71.,,335,33.7627,-117.4655,700,,,WGS84,http://cch2.org/portal/collections/individual/index.php?occid=1372675,cch2,,,,,,,,,
DAV300368,1372844,1952-03-28,1952,3,28,88,,,Riverside County,Riverside County: Perris.,,443,33.78999,-117.22652,5504,,,WGS84,http://cch2.org/portal/collections/individual/index.php?occid=1372844,cch2,,,,,,,,,
LOB100072,1893507,2018-05-23,2018,5,23,143,,flowers,Orange,"Santa Ana Mountains, Cleveland National Forest, Trabuco District, Main Divide Truck Trail, just East of Pleasants Peak.",Cliff face.,1130,33.7969,-117.607,,,,WGS84,http://cch2.org/portal/collections/individual/index.php?occid=1893507,cch2,,,,,,,,,
LOB115754,253761,2016-03-11,2016,3,11,71,menziesii,flowers,Riverside,"near San Gorgonio Pass, W of Palm Springs, near town of Snow Creek, UC Natural Reserve Oasis de los Osos.","Rain in past month and week. Encelia scrub, N-facing slope. Granite boulders just E and N of waterfall.",515,33.89014,-116.69586,5,,,,http://cch2.org/portal/collections/individual/index.php?occid=253761,cch2,,,,,,,,,
DAV300340,1372972,1933-04-02,1933,4,2,92,,,Riverside County,Riverside County: Box Springs Hills.,,,33.98152,-117.29485,3072,,,WGS84,http://cch2.org/portal/collections/individual/index.php?occid=1372972,cch2,,,,,,,,,
DAV300371,1372847,1964-03-26,1964,3,26,86,,,San Bernardino County,San Bernardino County: Dry Morongo Valley.,,,34.0457,-116.6202,2000,,,WGS84,http://cch2.org/portal/collections/individual/index.php?occid=1372847,cch2,,,,,,,,,
JEPS1517,3266352,1928-04-18,1928,4,18,109,integrifolia,Flowering/Fruiting,Los Angeles,"Griffith Park Los Angeles, Griffith Park",,,34.134533,-118.30477,3384,,,NAD27,http://cch2.org/portal/collections/individual/index.php?occid=3266352,cch2,,,,,,,,,
IRVC100600,634908,2005-02-13,2005,2,13,44,,Flowering & Fruiting,San Bernardino,"Ca. 1.5 miles E of Pioneertown, UC Burns Pinyon Ridge Reserve; middle part of the Resere on ridge between Boo"" and Jean"" canyons (tribs. to N Railroad Canyon). Decomposed granite soils with granite boulders",Pinyon juniper woodland,1250,34.14472,-116.45222,1000,,,WGS84,http://cch2.org/portal/collections/individual/index.php?occid=634908,cch2,,,,,,,,,
DAV300392,1372996,1974-04-27,1974,4,27,117,integrifolia,,Los Angeles County,"Los Angeles County: Evey Canyon, a side canyon of San Antonio Canyon. San Gabriel Mts. Mt. Range.",,732,34.167795,-117.68615,700,,,WGS84,http://cch2.org/portal/collections/individual/index.php?occid=1372996,cch2,,,,,,,,,
DAV300393,1372995,1993-03-28,1993,3,28,87,integrifolia,,San Bernardino County,"San Bernardino County: San Bernardino Mtns.: Waterman Canyon, 1 km W of Arrowhead Hot Spr. Hotel, at and below the 1st stream Xing of Old Waterman C. Rd. Along E cyn wall.",,600,34.188765,-117.273261,400,,,WGS84,http://cch2.org/portal/collections/individual/index.php?occid=1372995,cch2,,,,,,,,,
DAV300338,1372971,1961-03-24,1961,3,24,83,,,San Bernardino County,San Bernardino County: Barett Canyon one mile north of Ranger Station in San Antonio Canyon on Old Road. San Bernardino Mt. Range.,,762,34.193742,-117.676792,1700,,,WGS84,http://cch2.org/portal/collections/individual/index.php?occid=1372971,cch2,,,,,,,,,
DAV300404,1372998,1971-04-02,1971,4,2,92,menziesii,,San Bernardino County,"San Bernardino County: Day Canyon, San Bernardino National Forest.",,,34.201929,-117.5519,3500,,,WGS84,http://cch2.org/portal/collections/individual/index.php?occid=1372998,cch2,,,,,,,,,
DAV300395,1372993,1962-06-03,1962,6,3,154,integrifolia,,San Bernardino County,"San Bernardino County: Near Lake Arrowhead Hospital, N shore.",,1585,34.27027,-117.18365,1479,,,WGS84,http://cch2.org/portal/collections/individual/index.php?occid=1372993,cch2,,,,,,,,,
DAV300339,1372970,1922-04-07,1922,4,7,97,,,San Bernardino County,"San Bernardino County: Three miles southwest of Hesperia, Mojave Desert.",,,34.37064,-117.31236,2683,,,WGS84,http://cch2.org/portal/collections/individual/index.php?occid=1372970,cch2,,,,,,,,,
DAV300346,1372976,1945-04-07,1945,4,7,97,,,Santa Barbara County,"Santa Barbara County: Woodland of Rattlesnake Canyon, Santa Barbara.",,305,34.4575,-119.6915,1500,,,WGS84,http://cch2.org/portal/collections/individual/index.php?occid=1372976,cch2,,,,,,,,,
DAV300394,1372994,1978-04-01,1978,4,1,91,integrifolia,,Los Angeles County,Los Angeles County: West side of Sierra Hwy. and 1 mile north of State Hwy. 14.,,988,34.512875,-118.236764,500,,,WGS84,http://cch2.org/portal/collections/individual/index.php?occid=1372994,cch2,,,,,,,,,
DAV300356,1404681,1980-04-01,1980,4,1,92,,,Los Angeles County,"Los Angeles County: Hungry Valley SVRA. (Exact location unknown. This park is mostly in Los Angeles county, but also includes parts of Ventura and Kern counties. Coordinates estimated by the label maker.)",,,34.766905,-118.857918,8759,,,WGS84,http://cch2.org/portal/collections/individual/index.php?occid=1404681,cch2,,,,,,,,,
JEPS1803,3315690,1941-04-29,1941,4,29,119,,Flowering/Fruiting,San Bernardino,"Willow Springs Canyon Mohave Desert, Old Dad Mountains, Willow Springs Canyon (Old Dad Mountains, Mohave Desert)",,1371,34.77,-115.683,393,,,WGS84,http://cch2.org/portal/collections/individual/index.php?occid=3315690,cch2,,,,,,,,,
DAV300347,1372977,1950-03-18,1950,3,18,77,,,Kern County,"Kern County: Along Soda Lake Road to Carrizo Plain, about 0.8 mile off Highway 399. Near San Luis Obispo County line.",,,34.9712,-119.4556,500,,,WGS84,http://cch2.org/portal/collections/individual/index.php?occid=1372977,cch2,,,,,,,,,
JEPS1914,3475111,1927-04-09,1927,4,9,99,,Flowering/Fruiting,Kern,Tehachapi Valley,,,35.1125,-118.43611,,,,,http://cch2.org/portal/collections/individual/index.php?occid=3475111,cch2,,,,,,,,,
DAV300344,1372974,1993-03-19,1993,3,19,78,,,San Luis Obispo County,"San Luis Obispo County: Carrizo Plain Natural Area, grassland along Soda Lake Rd., 2.3 miles NW of intersection with dirt road leading to Painted Rock and Education Center.",,,35.207474,-119.866929,1000,,,WGS84,http://cch2.org/portal/collections/individual/index.php?occid=1372974,cch2,,,,,,,,,
DAV300372,1372848,1993-04-25,1993,4,25,115,,,Kern County,"Kern County: Tehachapi Mountains., 1 mile N of Tehachapi Loop.",,1676,35.212387,-118.545448,5000,,,WGS84,http://cch2.org/portal/collections/individual/index.php?occid=1372848,cch2,,,,,,,,,
DAV300375,1335471,2008-03-25,2008,3,25,85,,,San Luis Obispo County,San Luis Obispo Co.: North of Carrizo Plain National Monument. Along Soda Lake Road between College and Belmont Streets.,,591,35.30720986,-119.9862307,,,,NAD83,http://cch2.org/portal/collections/individual/index.php?occid=1335471,cch2,,,,,,,,,
JEPS1492,3560291,1935-02-10,1935,2,10,41,,Flowering/Fruiting,Kern,"12 mi ne Bakersfield (low hills s Kern River, Cottonwood Creek, Greenhorn foothills); Greenhorn foothills, s of Kern River, Cottonwood Creek",low hills,,35.388786,-118.793434,4036,,,NAD27,http://cch2.org/portal/collections/individual/index.php?occid=3560291,cch2,,,,,,,,,
DAV300334,1372967,1974-04-22,1974,4,22,112,,,San Luis Obispo County,"San Luis Obispo County: In Commatti Canyon (aka Camatta Canyon), 1.1 miles N of CA 58.",,,35.440416,-120.287907,1000,,,WGS84,http://cch2.org/portal/collections/individual/index.php?occid=1372967,cch2,,,,,,,,,
JEPS79245,3560145,1980-04-06,1980,4,6,97,,Flowering/Fruiting,Tulare,0.5 mi ssw of junction of Avenue 72 and Road 10 (Pixley National Wildlife Refuge); Pixley National Wildlife Refuge,along poorly marked dirt road. Valley grassland community.,83,35.970917,-119.3725,7351,,,NAD27,http://cch2.org/portal/collections/individual/index.php?occid=3560145,cch2,,,,,,,,,
JEPS1493,3303659,1938-05-25,1938,5,25,145,,Flowering/Fruiting,San Benito,"1 mi s Idria; Inner South Coast Ranges, San Carlos Range",open shale banks in Quercus douglasii & Pinus sabiniana,914,36.403248,-120.672295,2995,,,NAD27,http://cch2.org/portal/collections/individual/index.php?occid=3303659,cch2,,,,,,,,,
JEPS3134,3230631,1915-03-28,1915,3,28,87,,Flowering/Fruiting,Tulare,"Shepherd Cove , Shepherd Cove (Sequoia National Park)",,396,36.47714,-118.85665,673,,,NAD27,http://cch2.org/portal/collections/individual/index.php?occid=3230631,cch2,,,,,,,,,
JEPS1912,3314766,1907-05-23,1907,5,23,143,,Flowering/Fruiting,Tulare,Limekiln Creek,,,36.704,-118.957,3219,,,NAD27,http://cch2.org/portal/collections/individual/index.php?occid=3314766,cch2,,,,,,,,,
JEPS1796,3510862,1929-03-28,1929,3,28,87,,Flowering/Fruiting,Fresno,Little Dry Creek near Sparkville; Little Dry Creek near Sparkville,,198,36.968315,-119.61253,818,,,NAD27,http://cch2.org/portal/collections/individual/index.php?occid=3510862,cch2,,,,,,,,,
JEPS81922,3329236,1983-04-10,1983,4,10,100,,Flowering/Fruiting,Santa Cruz,"ca 17 mi nw Santa Cruz (central Buckeye Grove Gulch, H-H Ranch: located between California 1 and Swanton Rd, se of Greyhound Rock, w and nw of Old Seaside School, Swanton); nw of Santa Cruz, H-H Ranch, Buckeye Grove Gulch",forest opening; 60-70% nw-fcg slope; soil derived fr deomposed Santa Cruz mudstone enriched w/humus,76,37.083332,-122.25,,,,,http://cch2.org/portal/collections/individual/index.php?occid=3329236,cch2,,,,,,,,,
JEPS82016,3426033,1983-01-23,1983,1,23,23,,Flowering/Fruiting,Santa Cruz,"ca 17 mi nw Santa Cruz (nw-facing slope of Haybarn Gulch, H-H Ranch, btw CA 1 and Swanton Rd, se of Greyhound Rock, w and nw of Old Seaside School, Swanton); nw of Santa Cruz, H-H Ranch, Haybarn Gulch","steep nw-fcg slope, partial shade, rocky soil derived fr Santa Cruz mudstone enriched w/humus",85,37.083332,-122.25,,,,,http://cch2.org/portal/collections/individual/index.php?occid=3426033,cch2,,,,,,,,,
JEPS82021,3498432,1983-03-15,1983,3,15,74,,Flowering/Fruiting,Santa Cruz,"ca 17 mi nw Santa Cruz (se-fcg slope Buckeye Grove Ridge, H-H Ranch, btw CA 1 and Swanton Rd, se of Greyhound Rock, w and nw Old Seaside School, Swanton); nw of Santa Cruz, H-H Ranch, Buckeye Grove Ridge","30% se-fcg slope, in Aesculus grove w/grassy understory, rocky soil derived fr Santa Cruz mudstone",97,37.083332,-122.25,,,,,http://cch2.org/portal/collections/individual/index.php?occid=3498432,cch2,,,,,,,,,
JEPS1488,3291661,1938-05-07,1938,5,7,127,,Flowering/Fruiting,Madera,"11 mi sw Coarse Gold (3 mi sw of Kelshaw Corners, Sierra Nevada foothills); Sierra Nevada foothills, sw of Coarse Gold, sw Kelshaw Corne","n bank with granitic boulders in rhamnus crocea & ceanothus, Pinus sabiniana-Quercus wislizenii belt",762,37.121006,-119.77128,2836,,,NAD27,http://cch2.org/portal/collections/individual/index.php?occid=3291661,cch2,,,,,,,,,
JEPS30298,3231802,1961-04-08,1961,4,8,98,,Flowering/Fruiting,Fresno,"Kerckhoff Lake Bridge 1.5 mi s toward Auberry (and 0.6 mi e on fire road); Kerckhoff Lake Bridge, toward Auberry",grassland (under foot high) btw scattered brush & trees; Foothill Woodland,,37.130318,-119.49819,1783,,,NAD27,http://cch2.org/portal/collections/individual/index.php?occid=3231802,cch2,,,,,,,,,
JEPS1498,3195175,1933-04-01,1933,4,1,91,,Flowering/Fruiting,Santa Clara,Robertsville,on open hillsides,106,37.26333,-121.87528,,,,,http://cch2.org/portal/collections/individual/index.php?occid=3195175,cch2,,,,,,,,,
DAV300349,1372980,1967-03-09,1967,3,9,68,,,Alameda County,Alameda County: One mile southeast of Verona.,,,37.619072,-121.864916,1500,,,WGS84,http://cch2.org/portal/collections/individual/index.php?occid=1372980,cch2,,,,,,,,,
DAV300366,1372842,1958-03-17,1958,3,17,76,,,Stanislaus County,Stanislaus County: In vicinity of La Grange.,,,37.66423,-120.46039,806,,,NAD27,http://cch2.org/portal/collections/individual/index.php?occid=1372842,cch2,,,,,,,,,
JEPS1916,3241438,1891-03-22,1891,3,22,81,,Flowering/Fruiting,San Francisco,Lake Merced,,,37.7198,-122.49132,2456,,,NAD27,http://cch2.org/portal/collections/individual/index.php?occid=3241438,cch2,,,,,,,,,
JEPS127095,3312937,2016-04-19,2016,4,19,110,menziesii,Flowering/Fruiting,Contra Costa,"2.3 miles (air) southwest of Los Vaqueros Reservoir Dam, approximately 25 miles (air) southwest of Stockton. Undesignated section of Canada de Los Vaqueros Land Grant, Byron Hot Spring USGS 7.5' Quad.","Foothill Woodland. On dry soil, along south side of road exit at Los Vaqueros Reservoir Marina.",160,37.807453,-121.746961,,,,WGS84,http://cch2.org/portal/collections/individual/index.php?occid=3312937,cch2,,,,,,,,,
JEPS25353,3279415,1959-03-19,1959,3,19,78,,Flowering/Fruiting,Contra Costa,"2.4 mi w Byron (s-facing low hill along Camino Diablo, 0.3 mi e of junction with Vasco Road); along Camino Diablo, w of Byron",on s-fcg low hill,60,37.86474,-121.679,851,,,NAD27,http://cch2.org/portal/collections/individual/index.php?occid=3279415,cch2,,,,,,,,,
DAV300397,1355580,2002-04-24,2002,4,24,114,menziesii,,Contra Costa County,Contra Costa County: Mount Diablo State Park. North Peak Road to North Peak.,,890,37.866667,-121.883333,,,,,http://cch2.org/portal/collections/individual/index.php?occid=1355580,cch2,,,,,,,,,
JEPS3131,3193559,1931-03-08,1931,3,8,67,,Flowering/Fruiting,Contra Costa,"w bank Mitchell Canyon, Mount Diablo Mount Diablo, Mitchell Canyon",,304,37.900337,-121.9519,2229,,,NAD27,http://cch2.org/portal/collections/individual/index.php?occid=3193559,cch2,,,,,,,,,
JEPS3129,3180184,1917-03-31,1917,3,31,90,,Flowering/Fruiting,Marin,Mill Valley,,,37.90611,-122.54389,2171,,,NAD27,http://cch2.org/portal/collections/individual/index.php?occid=3180184,cch2,,,,,,,,,
JEPS1487,3485635,1939-03-19,1939,3,19,78,,Flowering/Fruiting,Marin,"w side Mt. Tamalpais , Cataract Canyon (Cataract Canyon)",,,37.920685,-122.62479,1622,,,NAD27,http://cch2.org/portal/collections/individual/index.php?occid=3485635,cch2,,,,,,,,,
JEPS3067,3279548,1916-03-12,1916,3,12,72,,Flowering/Fruiting,Tuolumne,near Jamestown; nr Jamestown,,457,37.95333,-120.42167,,,,,http://cch2.org/portal/collections/individual/index.php?occid=3279548,cch2,,,,,,,,,
JEPS77206,3182148,1963-04-24,1963,4,24,114,atomaria,Flowering/Fruiting,Marin,on Bolinas Road 5 mi s Fairfax,open grassy hilltop,274,37.961857,-122.62954,4188,,,NAD27,http://cch2.org/portal/collections/individual/index.php?occid=3182148,cch2,,,,,,,,,
JEPS111846,3292491,2005-03-25,2005,3,25,84,menziesii,,Contra Costa,Pinole Peak Fernandez Ranch. West of Christie Road. South of I-4 (behind golf course) and North of Pinole Peak,on north-facing slopes; Plectritis and Collinsia sparsiflora.,250,37.984165,-122.202774,100,,,WGS84,http://cch2.org/portal/collections/individual/index.php?occid=3292491,cch2,,,,,,,,,
JEPS111831,3425097,2005-03-25,2005,3,25,84,menziesii,,Contra Costa,Fernandez Ranch Fernandez Ranch. West of Christie Road. South of I-4 (behind golf course) and North of Pinole Peak,,115,37.996113,-122.2025,100,,,WGS84,http://cch2.org/portal/collections/individual/index.php?occid=3425097,cch2,,,,,,,,,
DAV300362,1399500,1931-03-29,1931,3,29,88,,,Marin County,Marin County: Point Reyes.,,,38.073889,-122.926944,11236,,,WGS84,http://cch2.org/portal/collections/individual/index.php?occid=1399500,cch2,,,,,,,,,
JEPS3117,3487876,1915-05-14,1915,5,14,134,,Flowering/Fruiting,Tuolumne,"near Italian Bar (French Camp, South Fork Stanislaus River); South Fork Stanislaus River, near Italian Bar",,1005,38.07775,-120.367325,174,,,NAD27,http://cch2.org/portal/collections/individual/index.php?occid=3487876,cch2,,,,,,,,,
JEPS35787,3511692,1964-03-25,1964,3,25,85,atomaria,Flowering/Fruiting,Sonoma,plowed field just off Arnold Drive at its junction with Fowler Creek Road (Sonoma Valley); Sonoma Valley,"Plowed field, a single plant growing in a population of N. Menziesii",35,38.28706,-122.49319,678,,,NAD27,http://cch2.org/portal/collections/individual/index.php?occid=3511692,cch2,,,,,,,,,
DAV300345,1298941,1973-05-10,1973,5,10,130,,,Sonoma,"CALIFORNIA: Sonoma County, Bodega Bay Head.",,,38.312739,-123.064749,1765,,,WGS84,http://cch2.org/portal/collections/individual/index.php?occid=1298941,cch2,,,,,,,,,
DAV300381,1406410,1997-05-12,1997,5,12,132,atomaria,,Sonoma County,"Sonoma County: Bodega Bay, in front of University of California Marina Laboratory.",,24,38.33333333,-123.1666667,,,,,http://cch2.org/portal/collections/individual/index.php?occid=1406410,cch2,,,,,,,,,
DAV300386,1399061,1975-04-13,1975,4,13,103,atomaria,,Napa County,"Napa County: Soda Canyon Road, near outlet of canyon.",,61,38.374167,-122.281111,1807,,,WGS84,http://cch2.org/portal/collections/individual/index.php?occid=1399061,cch2,,,,,,,,,
JEPS110841,3180242,1977-03-14,1977,3,14,73,,,Napa,.2 mile north of Silverado Trail on Soda Canyon Rd.,"volcanic under trees in pasture, west slope",121,38.3801,-122.2904,805,,,,http://cch2.org/portal/collections/individual/index.php?occid=3180242,cch2,,,,,,,,,
JEPS110847,3230205,1982-02-16,1982,2,16,47,menziesii,,Napa,.3 mile north of Chimney Golf Course on Silverado Trail,"alluvium open flat, marshy ground",20,38.3801,-122.3087,805,,,,http://cch2.org/portal/collections/individual/index.php?occid=3230205,cch2,,,,,,,,,
DAV300389,1372989,1988-02-21,1988,2,21,52,atomaria,,Sonoma County,Sonoma County: South of Mt. St. Helena. Near Kenwood.,,,38.426644,-122.558797,2500,,,WGS84,http://cch2.org/portal/collections/individual/index.php?occid=1372989,cch2,,,,,,,,,
DAV300405,1373002,1995-05-21,1995,5,21,141,menziesii,,Napa County,Napa County: South side of Highway 128 about 3 mi. west of Wragg Canyon Rd.,,250,38.433333,-122.166667,,,,,http://cch2.org/portal/collections/individual/index.php?occid=1373002,cch2,,,,,,,,,
DAV300383,1372986,1993-05-08,1993,5,8,128,atomaria,,Sonoma County,Sonoma County: About 40 air miles N of San Francisco; about 11 air miles E of Santa Rosa and 2.5 air miles NE of Kenwood. In Adobe Canyon N of Sugarloaf Ridge and S of Red Mtn 1 mile.,,,38.436744,-122.514134,1000,,,WGS84,http://cch2.org/portal/collections/individual/index.php?occid=1372986,cch2,,,,,,,,,
DAV300399,1373001,1993-04-24,1993,4,24,114,menziesii,,Sonoma County,"Sonoma County: Sugarloaf Ridge State Park. About 50 air miles N of San Francisco, 10 air miles E of Santa Rosa, 2.5 air miles NE of Kenwood and 18 air miles NW of Napa. Along Hillside Trail.",,381,38.437955,-122.498336,1000,,,WGS84,http://cch2.org/portal/collections/individual/index.php?occid=1373001,cch2,,,,,,,,,
DAV300387,1372991,1993-04-17,1993,4,17,107,atomaria,,Sonoma County,"Sonoma County: About 40 air miles N of San Francisco, 11 air miles E of Santa Rosa, and 2.5 air miles NE of Kenwood. In Adobe Canyon N of Sugarloaf Ridge and S of Red Mtn. 1 mile. Near visitor center.",,366,38.442184,-122.527836,1000,,,WGS84,http://cch2.org/portal/collections/individual/index.php?occid=1372991,cch2,,,,,,,,,
JEPS21155,3548538,1936-04-27,1936,4,27,118,,Flowering/Fruiting,Amador,"1/2 mi sw Sugar Loaf (sw of Plymouth); Jackson Quad., sw of Sugar, sw of Plymouth",,243,38.4456,-120.8816,805,,,NAD27,http://cch2.org/portal/collections/individual/index.php?occid=3548538,cch2,,,,,,,,,
DAV300406,1301674,2000-02-07,2000,2,7,38,menziesii,,Yolo County,"Grasslands Regional Park. East of Davis, from intersection of I-80 and Mace Blvd., 3.5 mi. south on Mace Blvd.(County Road 104), thence east 1/4 mi along unpaved entrance road, then south about 200 yd.",,12,38.492222,-121.686667,,,,,http://cch2.org/portal/collections/individual/index.php?occid=1301674,cch2,,,,,,,,,
JEPS110848,3474940,1998-04-11,1998,4,11,101,atomaria,,Napa,Langtry Road at Napa/Sonoma County line.,"shale. On mossy, north facing slope with Linanthus and Phlox gr",579,38.4957,-122.5283,805,,,,http://cch2.org/portal/collections/individual/index.php?occid=3474940,cch2,,,,,,,,,
DAV300369,1372845,1945-02-15,1945,2,15,46,,,Yolo County,"Yolo County: Putah Creek Canyon, west of Winters.",,,38.5017,-122.02626,804,,,WGS84,http://cch2.org/portal/collections/individual/index.php?occid=1372845,cch2,,,,,,,,,
DAV300354,1372985,1967-03-23,1967,3,23,82,,,Napa County,Napa County: c. 1 mi S of Spanish Flat.,,168,38.52235,-122.21685,400,,,WGS84,http://cch2.org/portal/collections/individual/index.php?occid=1372985,cch2,,,,,,,,,
DAV300403,1373000,2007-04-23,2007,4,23,113,menziesii,,Amador County,Amador County: Northern Sierra Nevada Mountains: along Bell Road beside Plymouth Creek just east of CA-49 in the vicinity of Enterprise.,,302,38.540278,-120.840833,,,,,http://cch2.org/portal/collections/individual/index.php?occid=1373000,cch2,,,,,,,,,
DAV300400,1371106,2012-05-05,2012,5,5,126,menziesii,,Napa County,"Napa County: Las Posadas State Experimental Forest. Northeastern part of property, on Recreation flat.",,388,38.561667,-122.403333,,,,NAD83,http://cch2.org/portal/collections/individual/index.php?occid=1371106,cch2,,,,,,,,,
DAV300363,1397330,2006-04-25,2006,4,25,115,,,Napa County,"Napa County: Howell Mountain Plateau, about 1 km west of Angwin. McCrane property. Vineyard conversion.",,526,38.578333,-122.460556,50,,,WGS84,http://cch2.org/portal/collections/individual/index.php?occid=1397330,cch2,,,,,,,,,
JEPS3962,3485861,1938-04-14,1938,4,14,104,,Flowering/Fruiting,El Dorado,Nashville,"data in packet as ""Consumnes River"" but no mention of it on label",,38.57889,-120.84417,,,,,http://cch2.org/portal/collections/individual/index.php?occid=3485861,cch2,,,,,,,,,
JEPS110845,3340493,1994-04-16,1994,4,16,106,menziesii,,Napa,North end of Chiles Valley near Chiles- Pope Valley Road.,alluvium In low swale in cultivated field.,228,38.5824,-122.4002,805,,,,http://cch2.org/portal/collections/individual/index.php?occid=3340493,cch2,,,,,,,,,
DAV300374,1322837,2007-03-23,2007,3,23,82,,,Yolo County,"Yolo Co.: Tuleyome Ireland Ranch. In inner coast range northwest of the City of Winters between Salt Creek and Enos Creek, just north of Wild Cow Mountain. SW portion of ranch.",,703,38.588833,-122.124167,,,,NAD83,http://cch2.org/portal/collections/individual/index.php?occid=1322837,cch2,,,,,,,,,
JEPS110844,3340573,1996-03-23,1996,3,23,83,menziesii,,Napa,".3 mile from Pope Canyon Road on Hardin Road, near airstrip.",alluvium In cultivated field; flat.,184,38.6113,-122.3819,805,,,,http://cch2.org/portal/collections/individual/index.php?occid=3340573,cch2,,,,,,,,,
JEPS110846,3363476,1998-04-18,1998,4,18,108,menziesii,,Napa,"Pope Valley, N of intersection of Pope Canyon Rd X Hardin Rd",alluvium In deep loamy soil that has been ripped for grapes; flat,182,38.6113,-122.4002,805,,,,http://cch2.org/portal/collections/individual/index.php?occid=3363476,cch2,,,,,,,,,
DAV300335,1337092,1972-04-22,1972,4,22,113,,,Napa County,Napa Co.: Pope Valley.,,,38.6151,-122.4282,5200,,,WGS84,http://cch2.org/portal/collections/individual/index.php?occid=1337092,cch2,,,,,,,,,
DAV300328,1372672,1995-04-10,1995,4,10,100,,,Napa County,Napa County: Along Chiles Valley/Pope Valley Rd. approx. 2 m. S of Pope Canyon Rd. intersection. North Coast Biodiversity Arena.,,175,38.616667,-122.383333,,,,,http://cch2.org/portal/collections/individual/index.php?occid=1372672,cch2,,,,,,,,,
DAV300402,1372999,2006-04-20,2006,4,20,110,menziesii,,El Dorado County,"El Dorado County: Northern Sierra Nevada: Between N and Middle forks of Cosumnes River; junction of Sand Ridge Road and Cutaway Lane, 2.1 mi SW of Somerset.",,665,38.631944,-120.722222,,,,,http://cch2.org/portal/collections/individual/index.php?occid=1372999,cch2,,,,,,,,,
DAV300388,1372990,1998-03-14,1998,3,14,73,atomaria,,Sonoma County,"Sonoma County: Foote Ranch, NW base of Mt. St. Helena, corner of Ida Clayton Rd. and Hwy 128. Near 2nd pond on Foote Creek. North Coast Biodiversity Arena.",,110,38.638058,-122.681057,500,,,WGS84,http://cch2.org/portal/collections/individual/index.php?occid=1372990,cch2,,,,,,,,,
DAV300390,1372988,1975-08-30,1975,8,30,242,atomaria,,Sonoma County,"Sonoma County: Property of Oceanic Properties, Unit 7 Owners' Map, Sea Ranch, near State Highway 1.",,,38.71519,-123.454453,1500,,,WGS84,http://cch2.org/portal/collections/individual/index.php?occid=1372988,cch2,,,,,,,,,
DAV300325,1372670,1962-03-24,1962,3,24,83,,,Placer County,Placer County: 6 miles west of Roseville.,,,38.72944444,-121.3972222,,,,NAD27,http://cch2.org/portal/collections/individual/index.php?occid=1372670,cch2,,,,,,,,,
DAV300401,1348771,2011-04-30,2011,4,30,120,menziesii,,El Dorado County,El Dorado County: North of Cameron Park. Pine Hill Preserve. Kanaka Valley Unit. Kanaka Valley near main dirt road.,,305,38.749444,-121.024444,,,,NAD83,http://cch2.org/portal/collections/individual/index.php?occid=1348771,cch2,,,,,,,,,
DAV300355,1405860,2015-03-14,2015,3,14,73,,,Napa County,"Napa County: Knoxville Wildlife Area, west of Zim Zim Creek.",,242,38.754721,-122.294593,,,,WGS84,http://cch2.org/portal/collections/individual/index.php?occid=1405860,cch2,,,,,,,,,
DAV300379,1403922,1977-03-14,1977,3,14,73,atomaria,,Napa County,"Napa County: Soda Canyon Road, 2.2 miles north of Silverado Trail.",,137,38.75949316,-122.2648256,,,,NAD27,http://cch2.org/portal/collections/individual/index.php?occid=1403922,cch2,,,,,,,,,
DAV300385,1396957,1975-03-27,1975,3,27,86,atomaria,,Sonoma County,Sonoma County: Mayacmas Mountains. The Geysers. Site A-8. (Elevation estimated using Google Earth by label maker.),,701,38.799444,-122.830833,960,,,WGS84,http://cch2.org/portal/collections/individual/index.php?occid=1396957,cch2,,,,,,,,,
DAV300359,1399350,1974-03-27,1974,3,27,86,,,Sonoma County,Sonoma County: Mayacmas Mountains. The Geysers. Site A-8. (Elevation estimated using Google Earth by label maker.),,701,38.799444,-122.830833,960,,,WGS84,http://cch2.org/portal/collections/individual/index.php?occid=1399350,cch2,,,,,,,,,
DAV300361,1396964,1975-04-15,1975,4,15,105,,,Lake County,"Lake County: Mayacmas Mountains, Francisco Property. High Valley Creek. (Elevation estimated using Google Earth by label maker.)",,945,38.830833,-122.768889,250,,,WGS84,http://cch2.org/portal/collections/individual/index.php?occid=1396964,cch2,,,,,,,,,
DAV300358,1399540,1975-05-22,1975,5,22,142,,,Lake County,"Lake County: Mayacmas Mountains, Francisco Property. High Valley Creek. (Coordinates, location, and elevation estimated by label maker.)",,792,38.838333,-122.769722,500,,,WGS84,http://cch2.org/portal/collections/individual/index.php?occid=1399540,cch2,,,,,,,,,
DAV300360,1398684,1975-03-26,1975,3,26,85,,,Lake County,"Lake County: Mayacmas Mountains, Childers Peak area. Barceloux Ranch, east of Big Canyon Road. (Elevation estimated using Google Earth by label maker.)",,579,38.840278,-122.627222,700,,,WGS84,http://cch2.org/portal/collections/individual/index.php?occid=1398684,cch2,,,,,,,,,
DAV300378,1399282,1975-04-09,1975,4,9,99,atomaria,,Sonoma County,"Sonoma County: Mayacmas Mountains, Hilary Farms. (Exact location unknown. Elevation and coordinates estimated by label maker.)",,610,38.845556,-122.938889,500,,,WGS84,http://cch2.org/portal/collections/individual/index.php?occid=1399282,cch2,,,,,,,,,
DAV300324,1343797,2006-04-24,2006,4,24,114,,,Yolo County,"Yolo County: McLaughlin Reserve; Davis Creek Reservoir, Hobbit Hill.",,467,38.8625,-122.358639,,,,,http://cch2.org/portal/collections/individual/index.php?occid=1343797,cch2,,,,,,,,,
DAV300384,1384122,2013-04-14,2013,4,14,104,menziesii,,Lake County,"Lake County: Clear Lake State Park. NE of Kelseyville. Lower northern slope of Mount Konocti. South side of park, south of Soda Bay Road. South of undeveloped road that goes southeast from Glebe Road past the gate.",,562,38.999722,-122.803333,,,,NAD83,http://cch2.org/portal/collections/individual/index.php?occid=1384122,cch2,,,,,,,,,
DAV300357,1400962,1954-04-07,1954,4,7,97,,,Mendocino County,"Mendocino County: Hopland, Hopland Field Station, in pasture northwest of station headquarters. (Exact location unknown. Coordinates estimated by label maker).",,240,39.003333,-123.0875,541,,,WGS84,http://cch2.org/portal/collections/individual/index.php?occid=1400962,cch2,,,,,,,,,
JEPS3136,3181627,1915-04-06,1915,4,6,96,,Flowering/Fruiting,Colusa,College City,,,39.006634,-122.00778,1024,,,NAD27,http://cch2.org/portal/collections/individual/index.php?occid=3181627,cch2,,,,,,,,,
JEPS2989,3522055,1908-05-01,1908,5,1,122,,Flowering/Fruiting,Colusa,College City,,,39.006634,-122.00778,1024,,,NAD27,http://cch2.org/portal/collections/individual/index.php?occid=3522055,cch2,,,,,,,,,
DAV300342,1298980,1981-04-11,1981,4,11,101,,,Lake County,"CALIFORNIA: Lake CO. Northside of highway 20, 1 mile northwest of Glenhaven. Elev. 1800'.",,,39.03859,-122.74535,500,,,WGS84,http://cch2.org/portal/collections/individual/index.php?occid=1298980,cch2,,,,,,,,,
DAV300391,1372997,1990-04-15,1990,4,15,105,integrifolia,,Placer County,Placer County: 22587 Sunset Ridge Dr. Lake of the Pines.,,366,39.049172,-121.065829,32,,,WGS84,http://cch2.org/portal/collections/individual/index.php?occid=1372997,cch2,,,,,,,,,
DAV300407,1373003,1995-05-19,1995,5,19,139,menziesii,,Placer County,"Placer County: Near a road cut about 1 km from the trailhead of the Steven's Trail that descends the north fork of the American River Canyon outside of Colfax, south of I-80.",,400,39.083333,-120.883333,,,,,http://cch2.org/portal/collections/individual/index.php?occid=1373003,cch2,,,,,,,,,
DAV300348,1372978,1980-04-19,1980,4,19,110,,,Lake County,"Lake County: Coldsprings Campground, along access road to Indian Valley Dam. In lower part of campground.",,,39.1,-122.4955556,805,,,NAD83,http://cch2.org/portal/collections/individual/index.php?occid=1372978,cch2,,,,,,,,,
DAV300350,1372981,1965-04-11,1965,4,11,101,,,Placer County,Placer County: 1 mile N. of Marysville on Hwy. 99 E.,,,39.156849,-121.635633,3726,,,WGS84,http://cch2.org/portal/collections/individual/index.php?occid=1372981,cch2,,,,,,,,,
JEPS3118,3352293,1892-04-16,1892,4,16,107,,Flowering/Fruiting,Nevada,Penn Valley,,,39.20333,-121.18417,,,,,http://cch2.org/portal/collections/individual/index.php?occid=3352293,cch2,,,,,,,,,
JEPS3130,3487141,1891-04-20,1891,4,20,110,,Flowering/Fruiting,Sutter,"Valley of the Butte Pass , Valley of the Butte Pass (Marysville Buttes)",,,39.2251,-121.81401,4038,,,NAD27,http://cch2.org/portal/collections/individual/index.php?occid=3487141,cch2,,,,,,,,,
DAV300364,1392515,2013-04-06,2013,4,6,96,,,Sutter County,Sutter County; Sutter Buttes. Dean Ranch. South of North Butte. Western slope of Sunrise Ridge.,,272,39.228333,-121.776667,,,,NAD83,http://cch2.org/portal/collections/individual/index.php?occid=1392515,cch2,,,,,,,,,
JEPS94183,3475130,1998-04-21,1998,4,21,111,menziesii,Flowering/Fruiting,Colusa,Rd. 401 1.8 mi. n. Grapevine Pass (on the Sites-Lodoga Rd.),Foothill Woodland; in pasture in blue oak woodland,472,39.3743,-122.46,805,,,NAD27,http://cch2.org/portal/collections/individual/index.php?occid=3475130,cch2,,,,,,,,,
DAV300367,1372843,1962-04-08,1962,4,8,98,,,Butte County,"Butte County: On Table Mountain, north of Oroville.",,,39.598253,-121.557489,3100,,,WGS84,http://cch2.org/portal/collections/individual/index.php?occid=1372843,cch2,,,,,,,,,
JEPS107354,3353470,2005-03-17,2005,3,17,76,menziesii,,Butte,"Big Chico Creek Ecological Reserve. On the east side of Chico Canyon Road, about 1 mile (air) west of Highway 32, about 7 miles (air) northeast of Chico","Foothill Woodland. Normal size plants, on damp soil, grassy opening. Common, inconspicuous.",236,39.833054,-121.7175,,,,,http://cch2.org/portal/collections/individual/index.php?occid=3353470,cch2,,,,,,,,,
JEPS1918,3463887,1911-04-07,1911,4,7,97,,Flowering/Fruiting,Tehama,Corning,,,39.92731,-122.17976,2416,,,NAD27,http://cch2.org/portal/collections/individual/index.php?occid=3463887,cch2,,,,,,,,,
HSC201520,1813138,1980-05-25,1980,5,25,146,,,Trinity,Near Shannon Butte,Meadow,701,40.1708333,-123.377222,,,,,http://cch2.org/portal/collections/individual/index.php?occid=1813138,cch2,,,,,,,,,
HSC201528,1795528,1979-06-04,1979,6,4,155,,,Trinity,"Near Van Duzen River, close to the town of Alderpoint.",Evergreen conifer forest,853,40.3341111,-123.385722,,,,,http://cch2.org/portal/collections/individual/index.php?occid=1795528,cch2,,,,,,,,,
JEPS1496,3474276,1934-05-06,1934,5,6,126,,Flowering/Fruiting,Trinity,South Fork Mt.,,,40.50722,-123.49611,,,,,http://cch2.org/portal/collections/individual/index.php?occid=3474276,cch2,,,,,,,,,
JEPS1909,3548897,1911-04-12,1911,4,12,102,,Flowering/Fruiting,Shasta,Redding,,,40.58667,-122.39056,,,,,http://cch2.org/portal/collections/individual/index.php?occid=3548897,cch2,,,,,,,,,
HSC201471,1813707,1980-06-07,1980,6,7,159,,,Humboldt,Near Brush Mtn.,Douglas fir-tan oak-madrone forest serpentine,1128,40.9122222,-123.666667,,,,,http://cch2.org/portal/collections/individual/index.php?occid=1813707,cch2,,,,,,,,,
JEPS1906,3302527,1937-07-04,1937,7,4,185,atomaria,Flowering/Fruiting,Del Norte,Gasquet,"data in packet reads ""Gasquet Golf Course",152,41.84556,-123.96833,,,,,http://cch2.org/portal/collections/individual/index.php?occid=3302527,cch2,,,,,,,,,
JEPS1879,3424402,1938-04-17,1938,4,17,107,atomaria,Flowering/Fruiting,Del Norte,"Gasquet , Gasquet (Bonnar Flat)",,45,41.84556,-123.96833,1622,,,NAD27,http://cch2.org/portal/collections/individual/index.php?occid=3424402,cch2,,,,,,,,,
JEPS1886,3195136,1938-04-17,1938,4,17,107,atomaria,Flowering/Fruiting,Del Norte,"Bonner Flat , Bonner Flat (Gasquet-Low Divide Trail)",,152,41.880707,-123.995575,8060,,,NAD27,http://cch2.org/portal/collections/individual/index.php?occid=3195136,cch2,,,,,,,,,
JEPS1881,3500104,1938-04-10,1938,4,10,100,atomaria,Flowering/Fruiting,Del Norte,Smith River Indian Reservation,,7,41.95361,-124.20139,,,,,http://cch2.org/portal/collections/individual/index.php?occid=3500104,cch2,,,,,,,,,
IRVC100599,623189,2006-04-01,2006,4,1,91,integrifolia,,San Bernardino,Dry Morrongo Wash at County line btween Riverside and San Bernardino at bridge of Hwy 62.,Mixed and desert scrub; in former burn area (~ 2 yrs previous); granite bedrock and allovial soils.,732,34.032821,-116.591306,111,WW,,WGS84,http://cch2.org/portal/collections/individual/index.php?occid=623189,cch2,,,,,,,,,
DAV300343,1299846,1985-04-06,1985,4,6,96,,,Sutter County,"Sutter County: Sutter Buttes, Dean Place;",,213,39.223224,-121.781083,442,"WW, DG",,WGS84,http://cch2.org/portal/collections/individual/index.php?occid=1299846,cch2,,,,,,,,,
DAV300327,1299939,1989-05-06,1989,5,6,126,,,Amador County,Amador County: Town of Volcano.,,107,38.442966,-120.630763,708,WW,,WGS84,http://cch2.org/portal/collections/individual/index.php?occid=1299939,cch2,,,,,,,,,
DAV300398,1310851,1970-05-23,1970,5,23,143,menziesii,,Calaveras County,"Stanislaus River Canyon. Along Hunter's Road, between Hathaway Pines and NF Stanislaus River.",,732,38.197847,-120.36173,354,WW,"Found a 'Hunter Dam road' near Hathaway pines, assumed to be road of collection",WGS84,http://cch2.org/portal/collections/individual/index.php?occid=1310851,cch2,,,,,,,,,
DAV300326,1372671,1942-02-21,1942,2,21,52,,,Lake County,"Lake County: At the west bank of Clear Lake, 3 mi. south of Lucerne along Calif. #20.",,,39.052722,-122.780856,869,CPA,,WGS84,http://cch2.org/portal/collections/individual/index.php?occid=1372671,cch2,,,,,,,,,
DAV300329,1372673,1978-04-07,1978,4,7,97,,,Los Angeles County,Los Angeles County: West side of Sierra Highway just north of Pearblossom Highway.,,914,34.523367,-118.100413,321,CPA,,WGS84,http://cch2.org/portal/collections/individual/index.php?occid=1372673,cch2,,,,,,,,,
DAV300330,1372674,1978-04-19,1978,4,19,109,,,Los Angeles County,Los Angeles County: Verdugo Mountains on fireroad from Stough Canyon to La Crescenta.,,549,34.224522,-118.276285,1035,DG,,WGS84,http://cch2.org/portal/collections/individual/index.php?occid=1372674,cch2,,,,,,,,,
DAV300370,1372846,1932-03-05,1932,3,5,65,,,Madera County,Madera County: 5 mi. W. Coarsegold.,,549,37.262134,-119.792083,4000,CPA,,WGS84,http://cch2.org/portal/collections/individual/index.php?occid=1372846,cch2,,,,,,,,,
DAV300373,1372849,1966-04-06,1966,4,6,96,,,Trinity County,"Trinity County: Slattery Pond, just off U.S. Highway 299, 7 miles west of Weaverville.",,640,40.735598,-123.019736,316,CPA,,WGS84,http://cch2.org/portal/collections/individual/index.php?occid=1372849,cch2,,,,,,,,,
DAV300376,1372852,1962-04-02,1962,4,2,92,,,Solano County,"Solano County: East side of Pleasants Valley Road, 0.6 mile south of State Highway 128.",,244,38.488452,-122.019066,255,CPA,,WGS84,http://cch2.org/portal/collections/individual/index.php?occid=1372852,cch2,,,,,,,,,
DAV300377,1372853,1951-04-08,1951,4,8,98,,,Napa County,"Napa County: 6.1 miles southwest of Monticello, on Napa Road.",,,38.515124,-122.287186,3945,CPA,"identified Napa Road, but not Monticello; uncertainty covers entire Napa Road",WGS84,http://cch2.org/portal/collections/individual/index.php?occid=1372853,cch2,,,,,,,,,
DAV300333,1372966,1973-05-08,1973,5,8,128,,,Fresno County,Fresno County: 1.1 mi. past Trimmer Ranger Station on Trimmer Springs Rd. coming from Trimmer.,,,36.917761,-119.318577,349,CPA,"Update: Given that collector was coming fraom Trimmer and headed past the ranger station, it is very likely that they assumed Maxon road to be Trimmer road since the two connect and travel in the same direction. Error radius is halfway to Watt's Creek (DG). Only ranger station found in area was not on Trimmer Springs Road",WGS84,http://cch2.org/portal/collections/individual/index.php?occid=1372966,cch2,,,,,,,,,
DAV300336,1372968,1959-03-29,1959,3,29,88,,,El Dorado County,"El Dorado County: State Highway 49, 2 1/2 miles southeast of Pilot Hill.",,,38.828068,-120.96957,562,"CPA, DG",refined error_distance. Was likely collected along highway as opposed to directly SW of Pilot,WGS84,http://cch2.org/portal/collections/individual/index.php?occid=1372968,cch2,,,,,,,,,
DAV300337,1372969,1963-05-07,1963,5,7,127,,,Amador County,"Amador County: Near Cook's Station, State Highway 88.",,914,38.520773,-120.434123,648,CPA,,WGS84,http://cch2.org/portal/collections/individual/index.php?occid=1372969,cch2,,,,,,,,,
DAV300341,1372973,1965-04-12,1965,4,12,102,,,Tulare County,Tulare County: 1 mile northeast of gravel pit on Nigger Creek Road.,,160,36.580345,-119.22089,428,"CPA, DG","DG Update: found a ""Negro Creek Road"" also named Dr 152 in Tulare Co. Saw gravel pit in satellite view and got coordinates.",WGS84,http://cch2.org/portal/collections/individual/index.php?occid=1372973,cch2,,,,,,,,,
DAV300351,1372982,1998-04-07,1998,4,7,97,,,Napa County,Napa County: Along Rt. 128 at road marker 24/80.,,,38.438545,-122.182711,113,CPA,"Found markers 24/78 and 24/84 using Google streetview, placed marker in between",WGS84,http://cch2.org/portal/collections/individual/index.php?occid=1372982,cch2,,,,,,,,,
DAV300353,1372983,1928-04-05,1928,4,5,96,,,Napa County,Napa County: Monticello.,,,38.577684,-122.207197,624,CPA,,WGS84,http://cch2.org/portal/collections/individual/index.php?occid=1372983,cch2,,,,,,,,,
DAV300352,1372984,1961-03-29,1961,3,29,88,,,Colusa County,Colusa County: South of Bear Valley; 3 miles north of junction of State Highways 16 and 20.,,,39.046151,-122.376161,76,"CPA, DG, WW",Refined error distance,WGS84,http://cch2.org/portal/collections/individual/index.php?occid=1372984,cch2,,,,,,,,,
DAV300382,1372987,1947-02-18,1947,2,18,49,atomaria,,Napa County,Napa County: 14 miles north of Napa.,,,38.490438,-122.292395,4669,CPA,,WGS84,http://cch2.org/portal/collections/individual/index.php?occid=1372987,cch2,,,,,,,,,
DAV300396,1372992,1957-03-22,1957,3,22,81,atomaria,,Solano County,"Solano County: North side of road to Green Valley Falls, 1 mile west of Rockville.",,,38.255394,-122.13783,615,DG,Measured west of rockville along Rockville Rd,WGS84,http://cch2.org/portal/collections/individual/index.php?occid=1372992,cch2,,,,,,,,,
DAV300365,1378925,1961-03-09,1961,3,9,68,,,Stanislaus County,Stanislaus County: Vicinity of La Grange. Between Lower and Upper Dominici Creeks.,,,37.675753,-120.494129,984,CPA,,WGS84,http://cch2.org/portal/collections/individual/index.php?occid=1378925,cch2,,,,,,,,,
DAV300380,1403923,1998-03-21,1998,3,21,80,atomaria,,Napa County,"Napa County: west of Pope Canyon Road, north side of Burton Creek.",,187,38.616673,-122.395984,189,CPA,,WGS84,http://cch2.org/portal/collections/individual/index.php?occid=1403923,cch2,,,,,,,,,
HSC201463,1767219,1970-03-28,1970,3,28,87,,,Calaveras,Along Whiskey Slide Rd. .2 mi. S of Jesus Maria Creek,Grassy clearing,488,38.254916,-120.580505,107,CPA,,WGS84,http://cch2.org/portal/collections/individual/index.php?occid=1767219,cch2,,,,,,,,,
HSC201485,1767946,1962-03-13,1962,3,13,72,atomaria,,Humboldt,2 mi. S of Trinidad along old Hwy. 101,,,41.040735,-124.114973,331,CPA,,WGS84,http://cch2.org/portal/collections/individual/index.php?occid=1767946,cch2,,,,,,,,,
HSC201499,1767947,1962-03-04,1962,3,4,63,atomaria,,Humboldt,About 2 mi. S of Trinidad,,,41.040735,-124.114973,1030,CPA,,WGS84,http://cch2.org/portal/collections/individual/index.php?occid=1767947,cch2,,,,,,,,,
HSC201517,1767948,1928-05-06,1928,5,6,127,,,Lake,Morrison,,,38.70963,-120.324361,321,CPA,,WGS84,http://cch2.org/portal/collections/individual/index.php?occid=1767948,cch2,,,,,,,,,
HSC201515,1767950,1966-03-27,1966,3,27,86,,,Trinity,2 mi. S of Burnt Ranch on the Spellenberg property,,,40.780043,-123.474209,1997,CPA,,WGS84,http://cch2.org/portal/collections/individual/index.php?occid=1767950,cch2,,,,,,,,,
HSC201486,1767951,1962-03-22,1962,3,22,81,atomaria,,Humboldt,2 mi. S of Trinidad along old Hwy. 101,,122,41.040735,-124.114973,331,CPA,,WGS84,http://cch2.org/portal/collections/individual/index.php?occid=1767951,cch2,,,,,,,,,
HSC201483,1767952,1926-02-27,1926,2,27,58,atomaria,,Humboldt,Big Rock at Little River,,,41.031631,-123.985754,10414,DG,"Update: placed point along Little River, near the middle, and set the extent of the uncertainty to cover the whole river (DG). Located a place called Little River and one called Big Rock Gulch, but they were not near each other",WGS84,http://cch2.org/portal/collections/individual/index.php?occid=1767952,cch2,,,,,,,,,
HSC201521,1767954,1930-05-25,1930,5,25,145,,,Humboldt,Laribee Valley,,793,40.44153,-123.671426,868,CPA,,WGS84,http://cch2.org/portal/collections/individual/index.php?occid=1767954,cch2,,,,,,,,,
HSC201465,1767956,1926-04-11,1926,4,11,101,,,Humboldt,Buck Mtn.,,,40.442365,-123.588091,737,CPA,,WGS84,http://cch2.org/portal/collections/individual/index.php?occid=1767956,cch2,,,,,,,,,
HSC201507,1767957,1960-05-07,1960,5,7,128,,,Humboldt,E end Arbor Camp Ridge,,915,41.109311,-123.872887,209,CPA,,WGS84,http://cch2.org/portal/collections/individual/index.php?occid=1767957,cch2,,,,,,,,,
HSC201516,1767958,1968-03-30,1968,3,30,90,,,Trinity,"Along Trinity River, Hwy. 299, 3.5 mi. E of Humboldt Co. line",Mixed second growth forest,,40.88479,-123.545518,560,"CPA, DG",refined error distance,WGS84,http://cch2.org/portal/collections/individual/index.php?occid=1767958,cch2,,,,,,,,,
HSC201541,1767959,1965-04-24,1965,4,24,114,,,Humboldt,Along Titlow Hill Rd.,Grassy slopes with oaks,,40.839024,-123.711997,7042,CPA,,WGS84,http://cch2.org/portal/collections/individual/index.php?occid=1767959,cch2,,,,,,,,,
HSC201509,1767961,1948-05-15,1948,5,15,136,,,Humboldt,Horse Mtn.,Open hillside,,40.8743,-123.732832,1120,CPA,,WGS84,http://cch2.org/portal/collections/individual/index.php?occid=1767961,cch2,,,,,,,,,
HSC201476,1767962,1964-03-17,1964,3,17,77,,,Riverside,"8 mi. SE of Corona, along road to Elsinore",,,33.77934,-117.488697,1253,CPA,refined error distance (DG) - set radius to edge of Temescal Valley (place),WGS84,http://cch2.org/portal/collections/individual/index.php?occid=1767962,cch2,,,,,,,,,
HSC201513,1767963,1963-03-30,1963,3,30,89,,,Napa,27 mi. S of Middletown on Butts Canyon Rd.,Meadow,305,38.53394,-122.338802,2194,DG,Update: Assumed collectors started out on Butt's road which turned into Pope Valley road - measuerd 27mi S along road and set error to be half the distance to Lake Hennessey (DG). Road does not extend 27 miles; likely to be a typo (specimen label hard to read). Set uncertainty to encompass the entire road up to 2 mi. S of MIddletown,WGS84,http://cch2.org/portal/collections/individual/index.php?occid=1767963,cch2,,,,,,,,,
HSC201464,1767964,1967-03-18,1967,3,18,77,,,Fresno,Near Auberry Rd. at crossing of Friant-Kern Canal,Grassland,152,36.943071,-119.678682,613,CPA,,WGS84,http://cch2.org/portal/collections/individual/index.php?occid=1767964,cch2,,,,,,,,,
HSC201502,1767965,1964-03-26,1964,3,26,86,,,Lake,7 mi. NW of Lakeport on Hidden Lake Rd.,,427,39.111008,-122.982799,2954,CPA,"The road going NW from Newport is called Scotts Valley Rd, not Hidden Lake Rd, but Hidden Lake itself is located along it",WGS84,http://cch2.org/portal/collections/individual/index.php?occid=1767965,cch2,,,,,,,,,
HSC201523,1767966,1930-05-15,1930,5,15,135,,,Lake,Mirabel Mine,,762,38.7,-122.6,301,CPA,,WGS84,http://cch2.org/portal/collections/individual/index.php?occid=1767966,cch2,,,,,,,,,
HSC201518,1767968,1928-05-06,1928,5,6,127,,,Lake,1.5 mi. W of Bartlett Springs on the rd. to Clear Lake,,,39.177603,-122.727745,720,CPA,,WGS84,http://cch2.org/portal/collections/individual/index.php?occid=1767968,cch2,,,,,,,,,
HSC201467,1767971,1963-04-07,1963,4,7,97,,,San Luis Obispo,"Atascadero, E of Portola Rd., N end",Pasture,,35.486922,-120.679522,606,CPA,,WGS84,http://cch2.org/portal/collections/individual/index.php?occid=1767971,cch2,,,,,,,,,
HSC201466,1767972,1968-03-20,1968,3,20,80,,,Santa Barbara,Upper Oso Campground off the Santa Ynez River above Cachuma Dam,,335,34.554746,-119.768696,599,CPA,,WGS84,http://cch2.org/portal/collections/individual/index.php?occid=1767972,cch2,,,,,,,,,
HSC201474,1767973,1963-04-15,1963,4,15,105,,,Monterey,Laguna Seca (halfway between Salinas and Monterey),,,36.583549,-121.755715,3705,CPA,,WGS84,http://cch2.org/portal/collections/individual/index.php?occid=1767973,cch2,,,,,,,,,
HSC201498,1767974,1962-02-10,1962,2,10,41,atomaria,,Humboldt,1 mi. S of Trinidad,Coastal bluff,,41.049553,-124.127482,722,CPA,,WGS84,http://cch2.org/portal/collections/individual/index.php?occid=1767974,cch2,,,,,,,,,
HSC201488,1767975,1965-04-15,1965,4,15,105,atomaria,,Mendocino,"2 mi. S of Talmage along Mill Creek Rd., above upper reservoir",,335,39.128423,-123.130606,846,CPA,,WGS84,http://cch2.org/portal/collections/individual/index.php?occid=1767975,cch2,,,,,,,,,
HSC201481,1767980,1962-04-18,1962,4,18,108,,,Sonoma,About 5 mi. N of Geurneville on the Old Cazadero Rd.,Open hillside,,38.536045,-123.061475,1207,CPA,,WGS84,http://cch2.org/portal/collections/individual/index.php?occid=1767980,cch2,,,,,,,,,
HSC201478,1774510,1970-04-18,1970,4,18,108,,,Trinity,Above New River.,Open forest and rock outcrops,244,40.845644,-123.472281,1330,CPA,"Update: Used Twonship-range-sector datum from specimen label to find a general locality (S. of New River). Set the error radius halfway to ironside mtn (DG, CPA). dataInformation too broad",WGS84,http://cch2.org/portal/collections/individual/index.php?occid=1774510,cch2,,,,,,,,,
HSC201539,1776368,1973-02-17,1973,2,17,48,,,Mendocino,"Manchester, near Davis Lake",Dunes,,38.987482,-123.695888,910,CPA,,WGS84,http://cch2.org/portal/collections/individual/index.php?occid=1776368,cch2,,,,,,,,,
HSC201540,1776544,1971-03-21,1971,3,21,80,,,Mendocino,Beside Hwy. 128 about 1 mi. E of Yorkville,Rocky slope,,38.89465,-123.198056,254,CPA,Refined error distance (halfway to Elkhorn creek) (DG),WGS84,http://cch2.org/portal/collections/individual/index.php?occid=1776544,cch2,,,,,,,,,
HSC201532,1776753,1973-02-10,1973,2,10,41,,,Trinity,New River Trail from Gray Falls Campground on N side of Trinity River and W side of New River,Mixed evergreen forest,244,40.862986,-123.475513,1222,CPA,,WGS84,http://cch2.org/portal/collections/individual/index.php?occid=1776753,cch2,,,,,,,,,
HSC201531,1776767,1972-04-30,1972,4,30,121,,,Trinity,5 mi. from junction with Hwy. 299 along Hennessy Rd.,Rock outcrops in serpentine prairie,,40.828324,-123.534521,901,CPA,,WGS84,http://cch2.org/portal/collections/individual/index.php?occid=1776767,cch2,,,,,,,,,
HSC201461,1777080,1973-04-07,1973,4,7,97,,,Trinity,New River trail from Grays Falls Campground on the N side of the Trinity River and W side of the New River,Rock outcropping in mixed evergreen forest,244,40.862986,-123.475513,1222,CPA,,WGS84,http://cch2.org/portal/collections/individual/index.php?occid=1777080,cch2,,,,,,,,,
HSC201468,1779928,1974-05-04,1974,5,4,124,,,Lake,"""Clearlake Oaks Quad.""",Oak woodland and meadows,427,39.024017,-122.668153,3175,DG,Locality found in specimen image,WGS84,http://cch2.org/portal/collections/individual/index.php?occid=1779928,cch2,,,,,,,,,
HSC201487,1780239,1974-05-11,1974,5,11,131,atomaria,,Humboldt,"Redwood National Park, Bald Hills Rd., Gans Prairie",Prairie,549,41.275993,-124.005114,172,CPA,,WGS84,http://cch2.org/portal/collections/individual/index.php?occid=1780239,cch2,,,,,,,,,
HSC201538,1780580,1973-04-23,1973,4,23,113,,,Mendocino,E of Eden Valley Ranch along Toney Creek,Moist meadow,640,39.630159,-123.171142,2210,CPA,,WGS84,http://cch2.org/portal/collections/individual/index.php?occid=1780580,cch2,,,,,,,,,
HSC201535,1780701,1973-05-06,1973,5,6,126,,,Mendocino,SE end of Eden Valley,Vernal creek,,39.603436,-123.178665,1987,CPA,,WGS84,http://cch2.org/portal/collections/individual/index.php?occid=1780701,cch2,,,,,,,,,
HSC201525,1781669,1975-05-03,1975,5,3,123,,,Lake,2.1 mi. N of junction of Bottle Rd. and Hwy. 175,Yellow pine chaparral,762,38.84782,-122.72166,1032,CPA,Bottle Rock Road and HWY 175 have two junctions; used S junction using township coordinates in specimen image; mesaured distance north along the 175,WGS84,http://cch2.org/portal/collections/individual/index.php?occid=1781669,cch2,,,,,,,,,
HSC201480,1782006,1975-03-25,1975,3,25,84,,,Sonoma,Beside Hwy. 128 E of Geyserville,Oak woodland,,38.700872,-122.865825,2938,CPA,,WGS84,http://cch2.org/portal/collections/individual/index.php?occid=1782006,cch2,,,,,,,,,
HSC201489,1782016,1975-04-09,1975,4,9,99,atomaria,,Humboldt,2 3/4 mi. N of Trinidad at Scotty Point,Grassy slope,30,41.101216,-124.161654,628,CPA,,WGS84,http://cch2.org/portal/collections/individual/index.php?occid=1782016,cch2,,,,,,,,,
HSC201496,1782028,1975-05-24,1975,5,24,144,atomaria,,Humboldt,"McKeown Ranch, N of Dinsmore.",Oak-Douglas fir woodland,,40.516446,-123.618736,2619,CPA,,WGS84,http://cch2.org/portal/collections/individual/index.php?occid=1782028,cch2,,,,,,,,,
HSC201514,1782284,1975-05-03,1975,5,3,123,,,Lake,5.8 mi. W of jct. with Rte. 29 on Scott,Chaparral,915,39.104266,-122.97056,1420,CPA,,WGS84,http://cch2.org/portal/collections/individual/index.php?occid=1782284,cch2,,,,,,,,,
HSC201477,1782287,1975-05-17,1975,5,17,137,,,Trinity,"Humboldt Meridian, SE facing slope on the trail to Denny at the confluence of the New River and Trinity River",Canyon live oak serpentine,310,40.851655,-123.470832,1013,CPA,,WGS84,http://cch2.org/portal/collections/individual/index.php?occid=1782287,cch2,,,,,,,,,
HSC201510,1782352,1975-05-03,1975,5,3,123,,,Lake,3.6 mi. W of junction with Hwy. 29 on Scott,Alluvial valley bottom,534,39.08669,-122.949382,1501,CPA,,WGS84,http://cch2.org/portal/collections/individual/index.php?occid=1782352,cch2,,,,,,,,,
HSC201472,1783122,1975-05-11,1975,5,11,131,,,Mendocino,Lower Wilderness Meadow,Grassy plain,415,39.741501,-123.630439,827,"CPA, WW","Found using township coordinates from specimen image; uncertainty determined by taking acreage for given section, converting to square meters, taking square root to find uncertainty diameter (uncertainty radius*2). Website used to find coordinates: http://www.earthpoint.us/TownshipsSearchByDescription.aspx",WGS84,http://cch2.org/portal/collections/individual/index.php?occid=1783122,cch2,,,,,,,,,
HSC201530,1783563,1976-04-18,1976,4,18,109,,,Humboldt,"Bald Hills Rd., 17 mi. from its jct. with Hwy. 101",Douglas-fir forest serpentine,854,41.147175,-123.879375,1775,"CPA, DG",Refined error distance by measuring along road,WGS84,http://cch2.org/portal/collections/individual/index.php?occid=1783563,cch2,,,,,,,,,
HSC201529,1784474,1976-04-12,1976,4,12,103,,,Lake,"Along Morgan Valley Rd., 1.5 mi. from Napa County line",Oak/Grey pine woodland,671,38.875068,-122.42291,750,CPA,,WGS84,http://cch2.org/portal/collections/individual/index.php?occid=1784474,cch2,,,,,,,,,
HSC201494,1784722,1976-03-11,1976,3,11,71,atomaria,,Humboldt,Beside Bridgeville-Kneeland Rd. at jct. with Redwood House Rd.,Oak woodland,,40.554285,-123.840366,408,CPA,,WGS84,http://cch2.org/portal/collections/individual/index.php?occid=1784722,cch2,,,,,,,,,
HSC201462,1784938,1975-04-19,1975,4,19,109,,,Monterey,15-20 mi. E on Nacimento Rd. from Hwy. 1,Roadside,183,35.971903,-121.313541,5134,DG,,WGS84,http://cch2.org/portal/collections/individual/index.php?occid=1784938,cch2,,,,,,,,,
HSC201497,1785537,1971-07-06,1971,7,6,187,atomaria,,Humboldt,"1.0 mi. W of Pine Ridge Summit, 6 mi. E of junction with Redwood Valley Rd.",,,40.986569,-123.794532,732,"WW,DG",,WGS84,http://cch2.org/portal/collections/individual/index.php?occid=1785537,cch2,,,,,,,,,
HSC201503,1788609,1974-05-14,1974,5,14,134,menziesii,,Humboldt,"Beside Hwy. 299, 14.2 mi. E of Bridgeville",Roadside,,40.474215,-123.655588,1958,DG,"Update: Fairly certain that Bridgevill was never located on what is presently highway 299, assume collector was mistaken or 299 once included Hwy 36. Measured along highway and set error radius halfway to Dinsmore (DG). Hwy. 299 not close enough to be at least 14.2 miles from Bridgeville. They probably meant 36.",WGS84,http://cch2.org/portal/collections/individual/index.php?occid=1788609,cch2,,,,,,,,,
HSC201475,1790909,1978-04-16,1978,4,16,106,,,Lake,Bachelor Valley Rd. 50 yds. off N entrance from Hwy. 20,Wet soil,396,39.17371,-122.941852,95,WW,,WGS84,http://cch2.org/portal/collections/individual/index.php?occid=1790909,cch2,,,,,,,,,
HSC201469,1791061,1978-04-22,1978,4,22,112,,,Humboldt,"Tish Tang Campground, 5 miles north of Willow Creek on State Hwy. 96.",Riverside terrace,,41.020073,-123.637811,668,WW,,WGS84,http://cch2.org/portal/collections/individual/index.php?occid=1791061,cch2,,,,,,,,,
HSC201479,1793151,1979-03-31,1979,3,31,90,,,Mendocino,"MacKericker State Park, N of Fort Bragg",Coastal Strand,,39.489528,-123.791943,711,WW,,WGS84,http://cch2.org/portal/collections/individual/index.php?occid=1793151,cch2,,,,,,,,,
HSC201470,1800697,1979-04-29,1979,4,29,119,,,Trinity,"Gray Falls Campground, east of Willow Creek, North side of Trinity River, 100 yards west of junction with New River",,305,40.845874,-123.481744,50,DG,Locality updated from specimen label,WGS84,http://cch2.org/portal/collections/individual/index.php?occid=1800697,cch2,,,,,,,,,
HSC201533,1805499,1973-03-20,1973,3,20,79,,,San Luis Obispo,"Price Canyon Rd., 3.5 mi. from Pismo Beach",Oak woodland,61,35.180432,-120.619805,83,WW,,WGS84,http://cch2.org/portal/collections/individual/index.php?occid=1805499,cch2,,,,,,,,,
HSC201534,1805878,1976-04-05,1976,4,5,96,,,Mendocino,W of Lake-Mendocino Co. line on Co. Rd. 240,Oak-pine woodland,549,39.297657,-123.094188,3062,"ME, WW, (DG)",Refined error distance to encompass Co. Rd. 240,WGS84,http://cch2.org/portal/collections/individual/index.php?occid=1805878,cch2,,,,,,,,,
HSC201512,1806259,1980-04-19,1980,4,19,110,,,Lake,"Coldsprings Campground, along access road to Indian Valley Dam.",Blue oak- juniper woodland,,39.079846,-122.538536,511,"ME, WW",,WGS84,http://cch2.org/portal/collections/individual/index.php?occid=1806259,cch2,,,,,,,,,
HSC201495,1811101,1977-04-20,1977,4,20,110,atomaria,,Humboldt,Along FS 1N15 between Hwy. 36 and summit,Oak woodland,915,40.499985,-123.574869,1332,"ME, WW",,WGS84,http://cch2.org/portal/collections/individual/index.php?occid=1811101,cch2,,,,,,,,,
HSC201537,1811136,1977-05-30,1977,5,30,150,,,Humboldt,McKeown Ranch; along road to Anderson,Meadow,854,40.516829,-123.619694,155,"CPA, ME,WW",used coordinates from CalFlora because McKeown Ranch could not be found anywhere else,WGS84,http://cch2.org/portal/collections/individual/index.php?occid=1811136,cch2,,,,,,,,,
HSC201493,1816997,1983-04-16,1983,4,16,106,atomaria,,Humboldt,Near the old Hwy. 299 on W side of Berry Summit.,Open hill - grassland.,823,40.89363,-123.772583,288,"CPA, ME,WW","
",WGS84,http://cch2.org/portal/collections/individual/index.php?occid=1816997,cch2,,,,,,,,,
HSC201505,1824568,1987-03-07,1987,3,7,66,menziesii,,Trinity,"End of South Fork Rd. ( F.S. 5N03), trail to Hell's Half Acre Creek ( Tr. #6E23); 1 km. from trailhead",Rocky slope,400,40.785563,-123.550963,475,"CPA, ME,WW","Refined error distance, Updated locality from cch1 record (dupe) (DG). uncertain of where trail to Hell ('s Half Acre?) begins and ends",WGS84,http://cch2.org/portal/collections/individual/index.php?occid=1824568,cch2,,,,,,,,,
HSC201473,1826208,1967-04-29,1967,4,29,119,,,Colusa,"Bear Valley, 5 mi. N of Hwy. 20",Meadow serpentine,91,39.089074,-122.41774,1780,"CPA,WW",,WGS84,http://cch2.org/portal/collections/individual/index.php?occid=1826208,cch2,,,,,,,,,
HSC201526,1826334,1980-04-28,1980,4,28,119,menziesii,,Mendocino,"End of Hwy. 162, 3 mi. E of Covelo",,427,39.816944,-123.222825,1194,"CPA,WW",,WGS84,http://cch2.org/portal/collections/individual/index.php?occid=1826334,cch2,,,,,,,,,
HSC201527,1826335,1980-04-24,1980,4,24,115,menziesii,,Mendocino,"Wheeler Ranch, 6 mi. SW of Yorkville",,335,38.841573,-123.253286,3830,"CPA,WW",could not find Wheeler Ranch; followed Elkhorn Rd for 6 miles,WGS84,http://cch2.org/portal/collections/individual/index.php?occid=1826335,cch2,,,,,,,,,
HSC201482,1826336,1983-03-25,1983,3,25,84,atomaria,,Mendocino,"Rte. 111, Mt. house Rd., 4 mi. N of Rte. 128",,274,38.920757,-123.092153,1282,CPA,,WGS84,http://cch2.org/portal/collections/individual/index.php?occid=1826336,cch2,,,,,,,,,
HSC201504,1826590,1986-03-12,1986,3,12,71,menziesii,,Humboldt,"Trinidad Head, along trail",Disturbed open areas,61,41.054505,-124.150825,241,CPA,,WGS84,http://cch2.org/portal/collections/individual/index.php?occid=1826590,cch2,,,,,,,,,
HSC201492,1831953,2005-06-10,2005,6,10,161,atomaria,,Humboldt,"Cold Spring Camp, 7.4 mi. S of Hwy. 299 on NF 1",Meadow,1375,40.83404,-123.71318,1169,CPA,,WGS84,http://cch2.org/portal/collections/individual/index.php?occid=1831953,cch2,,,,,,,,,
HSC201484,1833033,2007-05-08,2007,5,8,128,atomaria,,Humboldt,Cold Spring. 1/2 mile south of Titlow Hill.,Open dry meadow in white oak woodland.,1410,40.83404,-123.71318,1169,CPA,,WGS84,http://cch2.org/portal/collections/individual/index.php?occid=1833033,cch2,,,,,,,,,
HSC201506,1833313,1995-03-11,1995,3,11,70,,,Trinity,"12 mi. S on S Fork Rd from its intersection with Hwy. 299, 1.5 mi. on S Fork Trail 6E23",Rocky slope,,40.769603,-123.550418,143,WW,had trouble finding South Fork Trail but used Bing Rds setting which showed A ROAD without name and followed it for 1.5 miles. Found another map (https://www.fs.usda.gov/detailfull/srnf/maps-pubs/?cid=fseprd533896&width=full) but couldn't locate anything ; uncertainty was determined by measuring half distance from South Fork Trinity River,WGS84,http://cch2.org/portal/collections/individual/index.php?occid=1833313,cch2,,,,,,,,,
JEPS60186,3204854,1969-04-24,1969,4,24,114,,Flowering/Fruiting,Riverside,along highway 79 about 2 1/2 mi s Sage; s of Sage,,,33.506209,-116.941516,4353,"ME, DC, DG","Highway 79 is much farther than 2.5 miles S of sage, so I placed the marker at the midpoint b/w 79 and 2.5 mi S of Sage - DG",WGS84,http://cch2.org/portal/collections/individual/index.php?occid=3204854,cch2,,,,,,,,,
JEPS18372,3205205,1957-04-03,1957,4,3,93,integrifolia,Flowering/Fruiting,San Diego,"ne La Jolla (top of first low hill across canyon ne of Soledad Mountain); ne of Soledad Mountain, ne of La Jolla","sandy soil, top of first low hill across canyon",124,32.83977,-117.252259,1201,"ME, DC",,WGS84,http://cch2.org/portal/collections/individual/index.php?occid=3205205,cch2,,,,,,,,,
JEPS1793,3218609,1922-04-07,1922,4,7,97,,Flowering/Fruiting,San Bernardino,"3 mi sw Hesperia (Mohave Desert); , sw of Hesperia",,,34.368063,-117.356977,2163,WW,,WGS84,http://cch2.org/portal/collections/individual/index.php?occid=3218609,cch2,,,,,,,,,
JEPS1883,3229172,1932-05-10,1932,5,10,131,atomaria,Flowering/Fruiting,Humboldt,"Bear River Ridge , Bear River Ridge (Northern Coast Ranges)",on open grassy hills,609,40.501199,-124.26933,3923,WW,Located area called Bear River Ridge. Set uncertainty halfway to Capetown (W),WGS84,http://cch2.org/portal/collections/individual/index.php?occid=3229172,cch2,,,,,,,,,
JEPS83176,3242610,1982-05-12,1982,5,12,132,,Flowering/Fruiting,Monterey,"Poison Oak Hill Carmel Valley, Hastings Natural History Reservation (Hastings Natural History Reservation)","Poison Oak Hill, 2nd year after a fire",,36.366405,-121.543886,1048,WW,,WGS84,http://cch2.org/portal/collections/individual/index.php?occid=3242610,cch2,,,,,,,,,
JEPS1794,3243069,1920-04-23,1920,4,23,114,,Flowering/Fruiting,San Diego,head of Grapevine Canyon,,,33.180103,-116.438198,4216,WW,placed marker on highest part (i think) of the canyon,WGS84,http://cch2.org/portal/collections/individual/index.php?occid=3243069,cch2,,,,,,,,,
JEPS1878,3243110,1893-04-25,1893,4,25,115,atomaria,Flowering/Fruiting,Napa,"trail to Caux's Cabin Napa River Basin, = Mts. n of St. Helena (Napa River Basin, = Mts. n of St. Helena)",,,38.582299,-122.446363,7871,WW,"Chose point N of St. Helena in the mountains, set error large in mts up to Pope Valley (DG)",WGS84,http://cch2.org/portal/collections/individual/index.php?occid=3243110,cch2,,,,,,,,,
JEPS1885,3253946,1919-04-13,1919,4,13,103,atomaria,Flowering/Fruiting,Napa,near Atlas; near Atlas,,,38.429077,-122.24803,2028,WW,,WGS84,http://cch2.org/portal/collections/individual/index.php?occid=3253946,cch2,,,,,,,,,
JEPS1490,3266831,1938-04-16,1938,4,16,106,,Flowering/Fruiting,Kern,"small hill w Isabella (Kern River Canyon); , w of Isabella","small hill, grassy n slope w/Chrysothamnus",762,35.618946,-118.49184,1749,"ME, DC, DG",,WGS84,http://cch2.org/portal/collections/individual/index.php?occid=3266831,cch2,,,,,,,,,
JEPS1889,3277859,1917-05-29,1917,5,29,149,integrifolia,Flowering/Fruiting,San Diego,Mesa Grande,damp places on n slope,1021,33.193319,-116.765241,1571,"ME, DC",,WGS84,http://cch2.org/portal/collections/individual/index.php?occid=3277859,cch2,,,,,,,,,
JEPS2990,3351224,1908-03-01,1908,3,1,61,,Flowering/Fruiting,Orange,Anaheim Plains,,,33.835293,-117.914504,6396,"ME, DC",,WGS84,http://cch2.org/portal/collections/individual/index.php?occid=3351224,cch2,,,,,,,,,
JEPS1480,3351280,1940-02-29,1940,2,29,60,,Flowering/Fruiting,Napa,"Yount School Vicin San Francisco Bay, e side Napa Valley, Yount School (e side Napa Valley, vicinity of San Francisco Bay)",,,38.403649,-122.360908,2715,"ME, DC, DG",Assume school is/used to be in Yountville and extend uncertainty over valley,WGS84,http://cch2.org/portal/collections/individual/index.php?occid=3351280,cch2,,,,,,,,,
JEPS1518,3352023,1928-05-04,1928,5,4,125,integrifolia,Flowering/Fruiting,Los Angeles,"Monrovia Canyon , Monrovia Canyon (San Gabriel Mts.)",,,34.17445,-117.989788,1506,"ME, DC",,WGS84,http://cch2.org/portal/collections/individual/index.php?occid=3352023,cch2,,,,,,,,,
JEPS1494,3352374,1938-04-08,1938,4,8,98,,Flowering/Fruiting,Santa Clara,"above Guadalupe Creek (opposite Guadalupe Mine, near New Almaden, e foothills of the Santa Cruz Mountains); e foothills Santa Cruz Mountains, above Guadalupe Creek",moist soil w/Toxicodendron under live & deciduous oaks,152,37.211165,-121.906937,602,"ME, DC",,WGS84,http://cch2.org/portal/collections/individual/index.php?occid=3352374,cch2,,,,,,,,,
JEPS76985,3353368,1963-03-10,1963,3,10,69,,Flowering/Fruiting,Marin,Pt. Reyes,near coast,,37.99403,-122.997099,2925,"ME, DC",,WGS84,http://cch2.org/portal/collections/individual/index.php?occid=3353368,cch2,,,,,,,,,
JEPS3127,3365543,1920-05-01,1920,5,1,122,,Flowering/Fruiting,Monterey,"San Jose Canyon , San Jose Canyon (n end Santa Lucia Mts.)",,,36.506083,-121.886798,5000,"ME, DC, DG","Changed marker to N end of Santa Lucia range, in a canyon extending from a San Jose Canyon Rd. Uncertainty covers mountains/canyons -DG",WGS84,http://cch2.org/portal/collections/individual/index.php?occid=3365543,cch2,,,,,,,,,
JEPS1491,3376340,1938-04-17,1938,4,17,107,,Flowering/Fruiting,Mariposa,"13 mi w Mormon Bar (near Mariposa Creek, Sierra Nevada foothills); Sierra Nevada foothills, nr Mariposa Creek, w of Mormon Bar",grassy bank in Pinus sabiniana-Quercus douglasii association,457,37.338775,-120.123931,2202,"ME, DC",,WGS84,http://cch2.org/portal/collections/individual/index.php?occid=3376340,cch2,,,,,,,,,
JEPS1804,3388844,1919-04-16,1919,4,16,106,integrifolia,Flowering/Fruiting,San Bernardino,"Cajon Pass , Cajon Pass (San Gabriel Mountains)",,685,34.2833,-117.45,4943,"ME, DC",,WGS84,http://cch2.org/portal/collections/individual/index.php?occid=3388844,cch2,,,,,,,,,
JEPS1911,3389525,1901-03-20,1901,3,20,79,,Flowering/Fruiting,Solano,Vacaville,,,38.356577,-121.987744,6088,"ME, DC",,WGS84,http://cch2.org/portal/collections/individual/index.php?occid=3389525,cch2,,,,,,,,,
JEPS1486,3413925,1884-03-20,1884,3,20,80,,Flowering/Fruiting,Solano,"e Rocky Peak (Vacaville); e of Rocky Peak, Vacaville",wet meadows,,38.378646,-121.981059,500,"ME, DC",,WGS84,http://cch2.org/portal/collections/individual/index.php?occid=3413925,cch2,,,,,,,,,
JEPS45200,3438470,1961-03-09,1961,3,9,68,,Flowering/Fruiting,Stanislaus,vicinity La Grange; vicinity of La Grange,,,37.663543,-120.463529,1088,"ME, DC",,WGS84,http://cch2.org/portal/collections/individual/index.php?occid=3438470,cch2,,,,,,,,,
JEPS1797,3450175,1922-04-21,1922,4,21,111,,Flowering/Fruiting,Solano,"near Allendale (Peaceful Glen); near Allendale, Peaceful Glen",,60,38.434818,-121.984531,1434,"ME, DC",,WGS84,http://cch2.org/portal/collections/individual/index.php?occid=3450175,cch2,,,,,,,,,
JEPS1478,3451474,1939-04-17,1939,4,17,107,,Flowering/Fruiting,Riverside,Corona,,,33.875294,-117.566438,8309,"ME, DC",,WGS84,http://cch2.org/portal/collections/individual/index.php?occid=3451474,cch2,,,,,,,,,
JEPS1791,3462160,1934-06-15,1934,6,15,166,atomaria,Flowering/Fruiting,Humboldt,"summit of Grasshopper Peak; Bull Creek Region, South Fork Eel River, Grasshopper Peak",,975,40.329249,-123.989136,5136,"ME, DC",,WGS84,http://cch2.org/portal/collections/individual/index.php?occid=3462160,cch2,,,,,,,,,
JEPS110862,3474655,1995-03-21,1995,3,21,80,atomaria,Flowering/Fruiting,Napa,"End of Niebaum Lane, Bear Canyon",In small meadow on floodplain of creek; igneous rock; Mixed Evergreen Forest,108,38.449601,-122.438624,173,DG,Specimen label had locality - I copied it over,WGS84,http://cch2.org/portal/collections/individual/index.php?occid=3474655,cch2,,,,,,,,,
JEPS1477,3475154,1933-04-15,1933,4,15,105,atomaria,Flowering/Fruiting,Sonoma,Bodega Hill,rocky w exposure,6,38.365117,-122.915008,6005,DG,"Update: I believe the label says ""Bodega Hwy""; I made the uncertainty large to encompass the whole highway (DG). can't find.",WGS84,http://cch2.org/portal/collections/individual/index.php?occid=3475154,cch2,,,,,,,,,
JEPS1890,3488185,1932-04-07,1932,4,7,98,integrifolia,Flowering/Fruiting,San Bernardino,"6 mi sw Warren's Well (Morongo Valley, Colorado Desert); Colorado Desert, Morongo Valley, sw of Warren's Well","open sandy soil, Juniper-Joshua tree belt",1524,34.098594,-116.504526,4000,WW,uncertainty determined by halfway point between 6mi from Warrens well and morongo valley,WGS84,http://cch2.org/portal/collections/individual/index.php?occid=3488185,cch2,,,,,,,,,
JEPS1476,3497731,1922-03-27,1922,3,27,86,integrifolia,Flowering/Fruiting,San Diego,Pt. Soma,,,32.687483,-117.244128,2544,WW,"Update: Likely Point Loma, not Soma. Collected in 1939, unlikely to be cultivar (DG).  used 'point loma' for locality string; possibly 'point soma'? but can not find anything",WGS84,http://cch2.org/portal/collections/individual/index.php?occid=3497731,cch2,,,,,,,,,
JEPS3132,3497912,1919-04-20,1919,4,20,110,,Flowering/Fruiting,Santa Clara,"Hall's Valley , Hall's Valley (Mt. Hamilton Range)",,,37.319244,-121.699948,3065,WW,,WGS84,http://cch2.org/portal/collections/individual/index.php?occid=3497912,cch2,,,,,,,,,
JEPS1805,3510235,1918-05-19,1918,5,19,139,integrifolia,Flowering/Fruiting,Los Angeles,"Millards Canyon , Millards Canyon (San Gabriel Mountains)",,609,34.205088,-118.165838,284,WW,,WGS84,http://cch2.org/portal/collections/individual/index.php?occid=3510235,cch2,,,,,,,,,
JEPS85033,3511608,1969-05-03,1969,5,3,123,,Flowering/Fruiting,Napa,"ca 7 mi ne Napa (Mead Ranch, off the Atlas Peak Rd.); ne of Napa, off Atlas Peak Rd., Mead Ranch",lightly shaded slope above (s of) meadow under Quercus kelloggii,457,38.389309,-122.247297,221,WW,,WGS84,http://cch2.org/portal/collections/individual/index.php?occid=3511608,cch2,,,,,,,,,
JEPS1497,3511924,1928-02-09,1928,2,9,40,,Flowering/Fruiting,Los Angeles,"Santa Anita Canyon , Santa Anita Canyon (San Gabriel Mts.)",,,34.196199,-118.023023,1875,WW,,WGS84,http://cch2.org/portal/collections/individual/index.php?occid=3511924,cch2,,,,,,,,,
JEPS1481,3546389,1935-04-21,1935,4,21,111,,Flowering/Fruiting,San Diego,Oak Grove Valley Oak Grove Valley (e San Diego Co.),,838,33.396655,-116.781011,2609,WW,"Update: looks good -DG. locality broad, but valley does not look too big on terrain map",WGS84,http://cch2.org/portal/collections/individual/index.php?occid=3546389,cch2,,,,,,,,,
JEPS110843,3547555,1997-03-18,1997,3,18,77,menziesii,Flowering/Fruiting,Napa,"Conn Valley Road, 4 mi E from Silverado Trail","grassy meadow, opening among oaks; flat; partial shade; alluvium; Foothill Woodland community",103,38.504761,-122.392783,279,WW,,WGS84,http://cch2.org/portal/collections/individual/index.php?occid=3547555,cch2,,,,,,,,,
JEPS104716,3548326,1938-03-06,1938,3,6,65,,Flowering/Fruiting,San Joaquin,"steep slope NE of Castle Rock, Corral Hollow, Mount Hamilton Range",steep grassy slope,350,37.65632,-121.487167,1758,"WW, DG","Update: Castle Rock is a small geological feature, point found. too broad; corral hollow is NE of castle rock and at edge of mount hamilton range but uncertainty would be too big; blue oak ranch reserve nearby",WGS84,http://cch2.org/portal/collections/individual/index.php?occid=3548326,cch2,,,,,,,,,
